{
  "features": [
    {
      "pos": [
        18,
        17,
        21
      ],
      "name": "Start 0",
      "color": -16711681,
      "type": "START",
      "canProceed": false,
      "isDone": false,
      "completionTime": 0,
      "uuid": "46d17007-8521-4700-b8af-24e79933c7de",
      "pos2": [
        27,
        4,
        27
      ],
      "lookDir": [
        0,
        90,
        0
      ],
      "dim": 0,
      "spawnedInServer": false,
      "spawnedInClient": false,
      "spawnRand": false
    },
    {
      "pos": [
        0,
        16,
        0
      ],
      "name": "Room_0",
      "color": -16711936,
      "type": "ROOM",
      "canProceed": false,
      "isDone": false,
      "completionTime": 0,
      "uuid": "2cfe8665-4e96-4e11-8647-6734961e87b6",
      "pos2": [
        23,
        23,
        23
      ],
      "blockFloorMeta": 0,
      "blockFloorName": "minecraft:planks",
      "blockWallMeta": 0,
      "blockWallName": "minecraft:brick_block",
      "blockWallMetaTwo": 0,
      "blockCeilMeta": 0,
      "blockCeilName": "minecraft:air",
      "blockRefMeta": 0,
      "blockRefName": "minecraft:grass",
      "spawnRefBlocks": false,
      "recycleRefSeed": true,
      "isChunkBased": true,
      "refSeed": -1995533325,
      "refSpawnChance": 0.0,
      "intensity": 354,
      "useRandomMeta": false,
      "wallTexture": "T1",
      "wallColor": "T2",
      "floorTexture": "T4",
      "floorColor": "T0",
      "chunks": [
        {
          "pos": [
            2,
            2,
            0
          ],
          "wallConfiguration": [
            {
              "face": "south",
              "config": {
                "type": "INTERNAL",
                "wallConfiguration": [],
                "defaultPath": {
                  "type": "BLUEPRINT",
                  "reversed": false,
                  "buttonLocation": "NONE",
                  "pressurePlaceLocation": "NONE",
                  "keyMetas": []
                }
              }
            },
            {
              "face": "west",
              "config": {
                "type": "INTERNAL",
                "wallConfiguration": [],
                "defaultPath": {
                  "type": "BLUEPRINT",
                  "reversed": false,
                  "buttonLocation": "NONE",
                  "pressurePlaceLocation": "NONE",
                  "keyMetas": []
                }
              }
            },
            {
              "face": "east",
              "config": {
                "type": "EXTERNAL",
                "wallConfiguration": [],
                "defaultPath": {
                  "type": "BLUEPRINT",
                  "reversed": false,
                  "buttonLocation": "NONE",
                  "pressurePlaceLocation": "NONE",
                  "keyMetas": []
                }
              }
            },
            {
              "face": "north",
              "config": {
                "type": "EXTERNAL",
                "wallConfiguration": [],
                "defaultPath": {
                  "type": "BLUEPRINT",
                  "reversed": false,
                  "buttonLocation": "NONE",
                  "pressurePlaceLocation": "NONE",
                  "keyMetas": []
                }
              }
            }
          ],
          "roomID": 0
        },
        {
          "pos": [
            1,
            2,
            1
          ],
          "wallConfiguration": [
            {
              "face": "south",
              "config": {
                "type": "INTERNAL",
                "wallConfiguration": [],
                "defaultPath": {
                  "type": "BLUEPRINT",
                  "reversed": false,
                  "buttonLocation": "NONE",
                  "pressurePlaceLocation": "NONE",
                  "keyMetas": []
                }
              }
            },
            {
              "face": "west",
              "config": {
                "type": "INTERNAL",
                "wallConfiguration": [],
                "defaultPath": {
                  "type": "BLUEPRINT",
                  "reversed": false,
                  "buttonLocation": "NONE",
                  "pressurePlaceLocation": "NONE",
                  "keyMetas": []
                }
              }
            },
            {
              "face": "east",
              "config": {
                "type": "INTERNAL",
                "wallConfiguration": [],
                "defaultPath": {
                  "type": "BLUEPRINT",
                  "reversed": false,
                  "buttonLocation": "NONE",
                  "pressurePlaceLocation": "NONE",
                  "keyMetas": []
                }
              }
            },
            {
              "face": "north",
              "config": {
                "type": "INTERNAL",
                "wallConfiguration": [],
                "defaultPath": {
                  "type": "BLUEPRINT",
                  "reversed": false,
                  "buttonLocation": "NONE",
                  "pressurePlaceLocation": "NONE",
                  "keyMetas": []
                }
              }
            }
          ],
          "roomID": 0
        },
        {
          "pos": [
            0,
            2,
            2
          ],
          "wallConfiguration": [
            {
              "face": "south",
              "config": {
                "type": "EXTERNAL",
                "wallConfiguration": [],
                "defaultPath": {
                  "type": "BLUEPRINT",
                  "reversed": false,
                  "buttonLocation": "NONE",
                  "pressurePlaceLocation": "NONE",
                  "keyMetas": []
                }
              }
            },
            {
              "face": "west",
              "config": {
                "type": "EXTERNAL",
                "wallConfiguration": [],
                "defaultPath": {
                  "type": "BLUEPRINT",
                  "reversed": false,
                  "buttonLocation": "NONE",
                  "pressurePlaceLocation": "NONE",
                  "keyMetas": []
                }
              }
            },
            {
              "face": "east",
              "config": {
                "type": "INTERNAL",
                "wallConfiguration": [],
                "defaultPath": {
                  "type": "BLUEPRINT",
                  "reversed": false,
                  "buttonLocation": "NONE",
                  "pressurePlaceLocation": "NONE",
                  "keyMetas": []
                }
              }
            },
            {
              "face": "north",
              "config": {
                "type": "INTERNAL",
                "wallConfiguration": [],
                "defaultPath": {
                  "type": "BLUEPRINT",
                  "reversed": false,
                  "buttonLocation": "NONE",
                  "pressurePlaceLocation": "NONE",
                  "keyMetas": []
                }
              }
            }
          ],
          "roomID": 0
        },
        {
          "pos": [
            2,
            2,
            1
          ],
          "wallConfiguration": [
            {
              "face": "south",
              "config": {
                "type": "INTERNAL",
                "wallConfiguration": [],
                "defaultPath": {
                  "type": "BLUEPRINT",
                  "reversed": false,
                  "buttonLocation": "NONE",
                  "pressurePlaceLocation": "NONE",
                  "keyMetas": []
                }
              }
            },
            {
              "face": "west",
              "config": {
                "type": "INTERNAL",
                "wallConfiguration": [],
                "defaultPath": {
                  "type": "BLUEPRINT",
                  "reversed": false,
                  "buttonLocation": "NONE",
                  "pressurePlaceLocation": "NONE",
                  "keyMetas": []
                }
              }
            },
            {
              "face": "east",
              "config": {
                "type": "EXTERNAL",
                "wallConfiguration": [],
                "defaultPath": {
                  "type": "BLUEPRINT",
                  "reversed": false,
                  "buttonLocation": "NONE",
                  "pressurePlaceLocation": "NONE",
                  "keyMetas": []
                }
              }
            },
            {
              "face": "north",
              "config": {
                "type": "INTERNAL",
                "wallConfiguration": [],
                "defaultPath": {
                  "type": "BLUEPRINT",
                  "reversed": false,
                  "buttonLocation": "NONE",
                  "pressurePlaceLocation": "NONE",
                  "keyMetas": []
                }
              }
            }
          ],
          "roomID": 0
        },
        {
          "pos": [
            1,
            2,
            2
          ],
          "wallConfiguration": [
            {
              "face": "south",
              "config": {
                "type": "EXTERNAL",
                "wallConfiguration": [],
                "defaultPath": {
                  "type": "BLUEPRINT",
                  "reversed": false,
                  "buttonLocation": "NONE",
                  "pressurePlaceLocation": "NONE",
                  "keyMetas": []
                }
              }
            },
            {
              "face": "west",
              "config": {
                "type": "INTERNAL",
                "wallConfiguration": [],
                "defaultPath": {
                  "type": "BLUEPRINT",
                  "reversed": false,
                  "buttonLocation": "NONE",
                  "pressurePlaceLocation": "NONE",
                  "keyMetas": []
                }
              }
            },
            {
              "face": "east",
              "config": {
                "type": "INTERNAL",
                "wallConfiguration": [],
                "defaultPath": {
                  "type": "BLUEPRINT",
                  "reversed": false,
                  "buttonLocation": "NONE",
                  "pressurePlaceLocation": "NONE",
                  "keyMetas": []
                }
              }
            },
            {
              "face": "north",
              "config": {
                "type": "INTERNAL",
                "wallConfiguration": [],
                "defaultPath": {
                  "type": "BLUEPRINT",
                  "reversed": false,
                  "buttonLocation": "NONE",
                  "pressurePlaceLocation": "NONE",
                  "keyMetas": []
                }
              }
            }
          ],
          "roomID": 0
        },
        {
          "pos": [
            2,
            2,
            2
          ],
          "wallConfiguration": [
            {
              "face": "south",
              "config": {
                "type": "EXTERNAL",
                "wallConfiguration": [],
                "defaultPath": {
                  "type": "BLUEPRINT",
                  "reversed": false,
                  "buttonLocation": "NONE",
                  "pressurePlaceLocation": "NONE",
                  "keyMetas": []
                }
              }
            },
            {
              "face": "west",
              "config": {
                "type": "INTERNAL",
                "wallConfiguration": [],
                "defaultPath": {
                  "type": "BLUEPRINT",
                  "reversed": false,
                  "buttonLocation": "NONE",
                  "pressurePlaceLocation": "NONE",
                  "keyMetas": []
                }
              }
            },
            {
              "face": "east",
              "config": {
                "type": "EXTERNAL",
                "wallConfiguration": [],
                "defaultPath": {
                  "type": "BLUEPRINT",
                  "reversed": false,
                  "buttonLocation": "NONE",
                  "pressurePlaceLocation": "NONE",
                  "keyMetas": []
                }
              }
            },
            {
              "face": "north",
              "config": {
                "type": "INTERNAL",
                "wallConfiguration": [],
                "defaultPath": {
                  "type": "BLUEPRINT",
                  "reversed": false,
                  "buttonLocation": "NONE",
                  "pressurePlaceLocation": "NONE",
                  "keyMetas": []
                }
              }
            }
          ],
          "roomID": 0
        },
        {
          "pos": [
            0,
            2,
            0
          ],
          "wallConfiguration": [
            {
              "face": "south",
              "config": {
                "type": "INTERNAL",
                "wallConfiguration": [],
                "defaultPath": {
                  "type": "BLUEPRINT",
                  "reversed": false,
                  "buttonLocation": "NONE",
                  "pressurePlaceLocation": "NONE",
                  "keyMetas": []
                }
              }
            },
            {
              "face": "west",
              "config": {
                "type": "EXTERNAL",
                "wallConfiguration": [],
                "defaultPath": {
                  "type": "BLUEPRINT",
                  "reversed": false,
                  "buttonLocation": "NONE",
                  "pressurePlaceLocation": "NONE",
                  "keyMetas": []
                }
              }
            },
            {
              "face": "east",
              "config": {
                "type": "INTERNAL",
                "wallConfiguration": [],
                "defaultPath": {
                  "type": "BLUEPRINT",
                  "reversed": false,
                  "buttonLocation": "NONE",
                  "pressurePlaceLocation": "NONE",
                  "keyMetas": []
                }
              }
            },
            {
              "face": "north",
              "config": {
                "type": "EXTERNAL",
                "wallConfiguration": [],
                "defaultPath": {
                  "type": "BLUEPRINT",
                  "reversed": false,
                  "buttonLocation": "NONE",
                  "pressurePlaceLocation": "NONE",
                  "keyMetas": []
                }
              }
            }
          ],
          "roomID": 0
        },
        {
          "pos": [
            1,
            2,
            0
          ],
          "wallConfiguration": [
            {
              "face": "south",
              "config": {
                "type": "INTERNAL",
                "wallConfiguration": [],
                "defaultPath": {
                  "type": "BLUEPRINT",
                  "reversed": false,
                  "buttonLocation": "NONE",
                  "pressurePlaceLocation": "NONE",
                  "keyMetas": []
                }
              }
            },
            {
              "face": "west",
              "config": {
                "type": "INTERNAL",
                "wallConfiguration": [],
                "defaultPath": {
                  "type": "BLUEPRINT",
                  "reversed": false,
                  "buttonLocation": "NONE",
                  "pressurePlaceLocation": "NONE",
                  "keyMetas": []
                }
              }
            },
            {
              "face": "east",
              "config": {
                "type": "INTERNAL",
                "wallConfiguration": [],
                "defaultPath": {
                  "type": "BLUEPRINT",
                  "reversed": false,
                  "buttonLocation": "NONE",
                  "pressurePlaceLocation": "NONE",
                  "keyMetas": []
                }
              }
            },
            {
              "face": "north",
              "config": {
                "type": "EXTERNAL",
                "wallConfiguration": [],
                "defaultPath": {
                  "type": "BLUEPRINT",
                  "reversed": false,
                  "buttonLocation": "NONE",
                  "pressurePlaceLocation": "NONE",
                  "keyMetas": []
                }
              }
            }
          ],
          "roomID": 0
        },
        {
          "pos": [
            0,
            2,
            1
          ],
          "wallConfiguration": [
            {
              "face": "south",
              "config": {
                "type": "INTERNAL",
                "wallConfiguration": [],
                "defaultPath": {
                  "type": "BLUEPRINT",
                  "reversed": false,
                  "buttonLocation": "NONE",
                  "pressurePlaceLocation": "NONE",
                  "keyMetas": []
                }
              }
            },
            {
              "face": "west",
              "config": {
                "type": "EXTERNAL",
                "wallConfiguration": [],
                "defaultPath": {
                  "type": "BLUEPRINT",
                  "reversed": false,
                  "buttonLocation": "NONE",
                  "pressurePlaceLocation": "NONE",
                  "keyMetas": []
                }
              }
            },
            {
              "face": "east",
              "config": {
                "type": "INTERNAL",
                "wallConfiguration": [],
                "defaultPath": {
                  "type": "BLUEPRINT",
                  "reversed": false,
                  "buttonLocation": "NONE",
                  "pressurePlaceLocation": "NONE",
                  "keyMetas": []
                }
              }
            },
            {
              "face": "north",
              "config": {
                "type": "INTERNAL",
                "wallConfiguration": [],
                "defaultPath": {
                  "type": "BLUEPRINT",
                  "reversed": false,
                  "buttonLocation": "NONE",
                  "pressurePlaceLocation": "NONE",
                  "keyMetas": []
                }
              }
            }
          ],
          "roomID": 0
        }
      ],
      "tagList": [
        "primary",
        "door"
      ],
      "canPlayerSpawn": true,
      "doors": []
    },
    {
      "pos": [
        0,
        0,
        0
      ],
      "name": "SeedSpawn_1",
      "color": -256,
      "type": "SEED_SPAWN",
      "canProceed": false,
      "isDone": false,
      "completionTime": 0,
      "uuid": "349005ce-dc68-4954-97e8-042e9c7c2bfa",
      "stepCount": 0
    },
    {
      "pos": [
        1,
        4,
        1
      ],
      "name": "World Builder 1",
      "color": -16711936,
      "type": "WORLDGEN",
      "canProceed": false,
      "isDone": false,
      "completionTime": 0,
      "uuid": "d18aed68-170e-4e10-8054-30f1a6acd216",
      "pos2": [
        30,
        4,
        30
      ],
      "count": 0,
      "genType": "BLOCK_LIST",
      "blockList": [
        {
          "blockPos": [
            4,
            17,
            3
          ],
          "blockDef": {
            "blockName": "minecraft:crafting_table",
            "blockMeta": 0
          }
        },
        {
          "blockPos": [
            6,
            17,
            3
          ],
          "blockDef": {
            "blockName": "polycraft:block_of_copper",
            "blockMeta": 0
          }
        },
        {
          "blockPos": [
            7,
            17,
            3
          ],
          "blockDef": {
            "blockName": "polycraft:block_of_copper",
            "blockMeta": 0
          }
        },
        {
          "blockPos": [
            12,
            17,
            2
          ],
          "blockDef": {
            "blockName": "polycraft:block_of_titanium",
            "blockMeta": 0
          }
        },
        {
          "blockPos": [
            5,
            17,
            9
          ],
          "blockDef": {
            "blockName": "polycraft:bauxite",
            "blockMeta": 0
          }
        },
        {
          "blockPos": [
            12,
            17,
            3
          ],
          "blockDef": {
            "blockName": "polycraft:block_of_titanium",
            "blockMeta": 0
          }
        },
        {
          "blockPos": [
            13,
            17,
            2
          ],
          "blockDef": {
            "blockName": "polycraft:block_of_titanium",
            "blockMeta": 0
          }
        },
        {
          "blockPos": [
            6,
            17,
            9
          ],
          "blockDef": {
            "blockName": "polycraft:bauxite",
            "blockMeta": 0
          }
        },
        {
          "blockPos": [
            5,
            17,
            10
          ],
          "blockDef": {
            "blockName": "polycraft:bauxite",
            "blockMeta": 0
          }
        },
        {
          "blockPos": [
            6,
            17,
            10
          ],
          "blockDef": {
            "blockName": "polycraft:bauxite",
            "blockMeta": 0
          }
        },
        {
          "blockPos": [
            3,
            17,
            13
          ],
          "blockDef": {
            "blockName": "minecraft:glass",
            "blockMeta": 0
          }
        },
        {
          "blockPos": [
            4,
            17,
            13
          ],
          "blockDef": {
            "blockName": "minecraft:glass",
            "blockMeta": 0
          }
        },
        {
          "blockPos": [
            8,
            17,
            10
          ],
          "blockDef": {
            "blockName": "minecraft:stone",
            "blockMeta": 0
          }
        },
        {
          "blockPos": [
            10,
            17,
            8
          ],
          "blockDef": {
            "blockName": "polycraft:block_of_silicon",
            "blockMeta": 0
          }
        },
        {
          "blockPos": [
            4,
            17,
            14
          ],
          "blockDef": {
            "blockName": "minecraft:glass",
            "blockMeta": 0
          }
        },
        {
          "blockPos": [
            9,
            17,
            10
          ],
          "blockDef": {
            "blockName": "minecraft:stone",
            "blockMeta": 0
          }
        },
        {
          "blockPos": [
            8,
            17,
            11
          ],
          "blockDef": {
            "blockName": "minecraft:stone",
            "blockMeta": 0
          }
        },
        {
          "blockPos": [
            11,
            17,
            8
          ],
          "blockDef": {
            "blockName": "polycraft:block_of_silicon",
            "blockMeta": 0
          }
        },
        {
          "blockPos": [
            9,
            17,
            11
          ],
          "blockDef": {
            "blockName": "minecraft:stone",
            "blockMeta": 0
          }
        },
        {
          "blockPos": [
            9,
            17,
            14
          ],
          "blockDef": {
            "blockName": "minecraft:log",
            "blockMeta": 0
          }
        },
        {
          "blockPos": [
            6,
            17,
            17
          ],
          "blockDef": {
            "blockName": "minecraft:clay",
            "blockMeta": 0
          }
        },
        {
          "blockPos": [
            10,
            17,
            14
          ],
          "blockDef": {
            "blockName": "minecraft:log",
            "blockMeta": 0
          }
        },
        {
          "blockPos": [
            9,
            17,
            15
          ],
          "blockDef": {
            "blockName": "minecraft:log",
            "blockMeta": 0
          }
        },
        {
          "blockPos": [
            7,
            17,
            17
          ],
          "blockDef": {
            "blockName": "minecraft:clay",
            "blockMeta": 0
          }
        },
        {
          "blockPos": [
            7,
            17,
            18
          ],
          "blockDef": {
            "blockName": "minecraft:clay",
            "blockMeta": 0
          }
        },
        {
          "blockPos": [
            11,
            17,
            20
          ],
          "blockDef": {
            "blockName": "minecraft:diamond_block",
            "blockMeta": 0
          }
        },
        {
          "blockPos": [
            12,
            17,
            20
          ],
          "blockDef": {
            "blockName": "minecraft:diamond_block",
            "blockMeta": 0
          }
        }
      ]
    },
    {
      "pos": [
        0,
        17,
        0
      ],
      "name": "map",
      "color": -256,
      "type": "DATA",
      "canProceed": true,
      "isDone": false,
      "completionTime": 0,
      "uuid": "fbc56eb5-015e-412b-ac16-604708610cd6",
      "pos2": [
        23,
        18,
        23
      ],
      "data": " "
    },
    {
      "pos": [
        2,
        4,
        2
      ],
      "name": "Recipe Override5",
      "color": -16711936,
      "type": "RECIPE_OVERRIDE",
      "canProceed": false,
      "isDone": false,
      "completionTime": 0,
      "uuid": "61f77922-c545-4278-8877-a114bcd385d1",
      "recipeListConfig": [
        {
          "inputs": [
            {
              "slotIndex": 0,
              "itemStacks": [
                {
                  "name": "minecraft:planks",
                  "stackSize": 1
                }
              ]
            },
            {
              "slotIndex": 1,
              "itemStacks": [
                {
                  "name": "minecraft:stick",
                  "stackSize": 1
                }
              ]
            },
            {
              "slotIndex": 2,
              "itemStacks": [
                {
                  "name": "minecraft:planks",
                  "stackSize": 1
                }
              ]
            },
            {
              "slotIndex": 3,
              "itemStacks": [
                {
                  "name": "minecraft:planks",
                  "stackSize": 1
                }
              ]
            },
            {
              "slotIndex": 5,
              "itemStacks": [
                {
                  "name": "minecraft:planks",
                  "stackSize": 1
                }
              ]
            },
            {
              "slotIndex": 7,
              "itemStacks": [
                {
                  "name": "minecraft:planks",
                  "stackSize": 1
                }
              ]
            }
          ],
          "outputs": [
            {
              "slotIndex": 9,
              "itemStack": {
                "name": "polycraft:tree_tap",
                "stackSize": 1
              }
            }
          ],
          "containerType": "CRAFTING_TABLE"
        },
        {
          "inputs": [
            {
              "slotIndex": 0,
              "itemStacks": [
                {
                  "name": "minecraft:stick",
                  "stackSize": 1
                }
              ]
            },
            {
              "slotIndex": 1,
              "itemStacks": [
                {
                  "name": "polycraft:block_of_titanium",
                  "stackSize": 1
                }
              ]
            },
            {
              "slotIndex": 2,
              "itemStacks": [
                {
                  "name": "minecraft:stick",
                  "stackSize": 1
                }
              ]
            },
            {
              "slotIndex": 3,
              "itemStacks": [
                {
                  "name": "minecraft:diamond_block",
                  "stackSize": 1
                }
              ]
            },
            {
              "slotIndex": 4,
              "itemStacks": [
                {
                  "name": "polycraft:block_of_titanium",
                  "stackSize": 1
                }
              ]
            },
            {
              "slotIndex": 5,
              "itemStacks": [
                {
                  "name": "minecraft:diamond_block",
                  "stackSize": 1
                }
              ]
            },
            {
              "slotIndex": 7,
              "itemStacks": [
                {
                  "name": "polycraft:sack_polyisoprene_pellets",
                  "stackSize": 1
                }
              ]
            }
          ],
          "outputs": [
            {
              "slotIndex": 9,
              "itemStack": {
                "name": "polycraft:wooden_pogo_stick",
                "stackSize": 1
              }
            }
          ],
          "containerType": "CRAFTING_TABLE"
        },
        {
          "inputs": [
            {
              "slotIndex": -1,
              "itemStacks": [
                {
                  "name": "minecraft:log",
                  "stackSize": 1
                }
              ]
            }
          ],
          "outputs": [
            {
              "slotIndex": 9,
              "itemStack": {
                "name": "minecraft:planks",
                "stackSize": 4
              }
            }
          ],
          "containerType": "CRAFTING_TABLE"
        },
        {
          "inputs": [
            {
              "slotIndex": 0,
              "itemStacks": [
                {
                  "name": "minecraft:planks",
                  "stackSize": 1
                }
              ]
            },
            {
              "slotIndex": 3,
              "itemStacks": [
                {
                  "name": "minecraft:planks",
                  "stackSize": 1
                }
              ]
            }
          ],
          "outputs": [
            {
              "slotIndex": 9,
              "itemStack": {
                "name": "minecraft:stick",
                "stackSize": 4
              }
            }
          ],
          "containerType": "CRAFTING_TABLE"
        },
        {
          "inputs": [
            {
              "slotIndex": 0,
              "itemStacks": [
                {
                  "name": "minecraft:planks",
                  "stackSize": 1
                }
              ]
            },
            {
              "slotIndex": 1,
              "itemStacks": [
                {
                  "name": "minecraft:planks",
                  "stackSize": 1
                }
              ]
            },
            {
              "slotIndex": 3,
              "itemStacks": [
                {
                  "name": "minecraft:planks",
                  "stackSize": 1
                }
              ]
            },
            {
              "slotIndex": 4,
              "itemStacks": [
                {
                  "name": "minecraft:planks",
                  "stackSize": 1
                }
              ]
            }
          ],
          "outputs": [
            {
              "slotIndex": 9,
              "itemStack": {
                "name": "minecraft:crafting_table",
                "stackSize": 1
              }
            }
          ],
          "containerType": "CRAFTING_TABLE"
        },
        {
          "inputs": [
            {
              "slotIndex": 0,
              "itemStacks": [
                {
                  "name": "minecraft:diamond",
                  "stackSize": 1
                }
              ]
            },
            {
              "slotIndex": 1,
              "itemStacks": [
                {
                  "name": "minecraft:diamond",
                  "stackSize": 1
                }
              ]
            },
            {
              "slotIndex": 2,
              "itemStacks": [
                {
                  "name": "minecraft:diamond",
                  "stackSize": 1
                }
              ]
            },
            {
              "slotIndex": 3,
              "itemStacks": [
                {
                  "name": "minecraft:diamond",
                  "stackSize": 1
                }
              ]
            },
            {
              "slotIndex": 4,
              "itemStacks": [
                {
                  "name": "minecraft:diamond",
                  "stackSize": 1
                }
              ]
            },
            {
              "slotIndex": 5,
              "itemStacks": [
                {
                  "name": "minecraft:diamond",
                  "stackSize": 1
                }
              ]
            },
            {
              "slotIndex": 6,
              "itemStacks": [
                {
                  "name": "minecraft:diamond",
                  "stackSize": 1
                }
              ]
            },
            {
              "slotIndex": 7,
              "itemStacks": [
                {
                  "name": "minecraft:diamond",
                  "stackSize": 1
                }
              ]
            },
            {
              "slotIndex": 8,
              "itemStacks": [
                {
                  "name": "minecraft:diamond",
                  "stackSize": 1
                }
              ]
            }
          ],
          "outputs": [
            {
              "slotIndex": 9,
              "itemStack": {
                "name": "minecraft:diamond_block",
                "stackSize": 1
              }
            }
          ],
          "containerType": "CRAFTING_TABLE"
        },
        {
          "inputs": [
            {
              "slotIndex": 3,
              "itemStacks": [
                {
                  "name": "polycraft:cartridge_propane",
                  "stackSize": 1
                }
              ]
            },
            {
              "slotIndex": 8,
              "itemStacks": [
                {
                  "name": "minecraft:log",
                  "stackSize": 1
                }
              ]
            },
            {
              "slotIndex": 7,
              "itemStacks": [
                {
                  "name": "polycraft:block_of_titanium",
                  "stackSize": 1
                }
              ]
            },
            {
              "slotIndex": 6,
              "itemStacks": [
                {
                  "name": "minecraft:log",
                  "stackSize": 1
                }
              ]
            },
            {
              "slotIndex": 0,
              "itemStacks": [
                {
                  "name": "polycraft:hose_low_pressure",
                  "stackSize": 1
                }
              ]
            },
            {
              "slotIndex": 5,
              "itemStacks": [
                {
                  "name": "polycraft:block_of_titanium",
                  "stackSize": 1
                }
              ]
            },
            {
              "slotIndex": 1,
              "itemStacks": [
                {
                  "name": "polycraft:regulator_medium_pressure",
                  "stackSize": 1
                }
              ]
            },
            {
              "slotIndex": 2,
              "itemStacks": [
                {
                  "name": "polycraft:hose_low_pressure",
                  "stackSize": 1
                }
              ]
            },
            {
              "slotIndex": 4,
              "itemStacks": [
                {
                  "name": "polycraft:kevlar_vest",
                  "stackSize": 1
                }
              ]
            }
          ],
          "outputs": [
            {
              "slotIndex": 9,
              "itemStack": {
                "name": "polycraft:jet_pack_beginner",
                "stackSize": 1
              }
            }
          ],
          "containerType": "CRAFTING_TABLE"
        },
        {
          "inputs": [
            {
              "slotIndex": 3,
              "itemStacks": [
                {
                  "name": "minecraft:nether_star",
                  "stackSize": 1
                }
              ]
            },
            {
              "slotIndex": 8,
              "itemStacks": [
                {
                  "name": "minecraft:clay",
                  "stackSize": 1
                }
              ]
            },
            {
              "slotIndex": 7,
              "itemStacks": [
                {
                  "name": "minecraft:nether_star",
                  "stackSize": 1
                }
              ]
            },
            {
              "slotIndex": 6,
              "itemStacks": [
                {
                  "name": "minecraft:clay",
                  "stackSize": 1
                }
              ]
            },
            {
              "slotIndex": 0,
              "itemStacks": [
                {
                  "name": "polycraft:block_of_titanium",
                  "stackSize": 1
                }
              ]
            },
            {
              "slotIndex": 5,
              "itemStacks": [
                {
                  "name": "minecraft:nether_star",
                  "stackSize": 1
                }
              ]
            },
            {
              "slotIndex": 1,
              "itemStacks": [
                {
                  "name": "minecraft:nether_star",
                  "stackSize": 1
                }
              ]
            },
            {
              "slotIndex": 2,
              "itemStacks": [
                {
                  "name": "polycraft:block_of_titanium",
                  "stackSize": 1
                }
              ]
            },
            {
              "slotIndex": 4,
              "itemStacks": [
                {
                  "name": "minecraft:redstone_block",
                  "stackSize": 1
                }
              ]
            }
          ],
          "outputs": [
            {
              "slotIndex": 9,
              "itemStack": {
                "name": "polycraft:laser",
                "stackSize": 1
              }
            }
          ],
          "containerType": "CRAFTING_TABLE"
        },
        {
          "inputs": [
            {
              "slotIndex": 3,
              "itemStacks": [
                {
                  "name": "polycraft:processor",
                  "stackSize": 1
                }
              ]
            },
            {
              "slotIndex": 8,
              "itemStacks": [
                {
                  "name": "polycraft:block_of_titanium",
                  "stackSize": 1
                }
              ]
            },
            {
              "slotIndex": 7,
              "itemStacks": [
                {
                  "name": "minecraft:glass",
                  "stackSize": 1
                }
              ]
            },
            {
              "slotIndex": 6,
              "itemStacks": [
                {
                  "name": "minecraft:glass",
                  "stackSize": 1
                }
              ]
            },
            {
              "slotIndex": 0,
              "itemStacks": [
                {
                  "name": "polycraft:low_power_radio",
                  "stackSize": 1
                }
              ]
            },
            {
              "slotIndex": 5,
              "itemStacks": [
                {
                  "name": "polycraft:block_of_titanium",
                  "stackSize": 1
                }
              ]
            },
            {
              "slotIndex": 1,
              "itemStacks": [
                {
                  "name": "polycraft:cell_phone_case_san",
                  "stackSize": 1
                }
              ]
            },
            {
              "slotIndex": 2,
              "itemStacks": [
                {
                  "name": "polycraft:oled_array",
                  "stackSize": 1
                }
              ]
            },
            {
              "slotIndex": 4,
              "itemStacks": [
                {
                  "name": "polycraft:amplifier",
                  "stackSize": 1
                }
              ]
            }
          ],
          "outputs": [
            {
              "slotIndex": 9,
              "itemStack": {
                "name": "polycraft:cell_phone",
                "stackSize": 1
              }
            }
          ],
          "containerType": "CRAFTING_TABLE"
        }
      ],
      "perceivedRecipeListConfig": [
        {
          "inputs": [
            {
              "slotIndex": 0,
              "itemStacks": [
                {
                  "name": "minecraft:stick",
                  "stackSize": 1
                }
              ]
            },
            {
              "slotIndex": 1,
              "itemStacks": [
                {
                  "name": "polycraft:block_of_titanium",
                  "stackSize": 1
                }
              ]
            },
            {
              "slotIndex": 2,
              "itemStacks": [
                {
                  "name": "minecraft:stick",
                  "stackSize": 1
                }
              ]
            },
            {
              "slotIndex": 3,
              "itemStacks": [
                {
                  "name": "minecraft:diamond_block",
                  "stackSize": 1
                }
              ]
            },
            {
              "slotIndex": 4,
              "itemStacks": [
                {
                  "name": "polycraft:block_of_titanium",
                  "stackSize": 1
                }
              ]
            },
            {
              "slotIndex": 5,
              "itemStacks": [
                {
                  "name": "minecraft:diamond_block",
                  "stackSize": 1
                }
              ]
            },
            {
              "slotIndex": 7,
              "itemStacks": [
                {
                  "name": "polycraft:sack_polyisoprene_pellets",
                  "stackSize": 1
                }
              ]
            }
          ],
          "outputs": [
            {
              "slotIndex": 9,
              "itemStack": {
                "name": "polycraft:wooden_pogo_stick",
                "stackSize": 1
              }
            }
          ],
          "containerType": "CRAFTING_TABLE"
        },
        {
          "inputs": [
            {
              "slotIndex": 0,
              "itemStacks": [
                {
                  "name": "minecraft:diamond",
                  "stackSize": 1
                }
              ]
            },
            {
              "slotIndex": 1,
              "itemStacks": [
                {
                  "name": "minecraft:diamond",
                  "stackSize": 1
                }
              ]
            },
            {
              "slotIndex": 2,
              "itemStacks": [
                {
                  "name": "minecraft:diamond",
                  "stackSize": 1
                }
              ]
            },
            {
              "slotIndex": 3,
              "itemStacks": [
                {
                  "name": "minecraft:diamond",
                  "stackSize": 1
                }
              ]
            },
            {
              "slotIndex": 4,
              "itemStacks": [
                {
                  "name": "minecraft:diamond",
                  "stackSize": 1
                }
              ]
            },
            {
              "slotIndex": 5,
              "itemStacks": [
                {
                  "name": "minecraft:diamond",
                  "stackSize": 1
                }
              ]
            },
            {
              "slotIndex": 6,
              "itemStacks": [
                {
                  "name": "minecraft:diamond",
                  "stackSize": 1
                }
              ]
            },
            {
              "slotIndex": 7,
              "itemStacks": [
                {
                  "name": "minecraft:diamond",
                  "stackSize": 1
                }
              ]
            },
            {
              "slotIndex": 8,
              "itemStacks": [
                {
                  "name": "minecraft:diamond",
                  "stackSize": 1
                }
              ]
            }
          ],
          "outputs": [
            {
              "slotIndex": 9,
              "itemStack": {
                "name": "minecraft:diamond_block",
                "stackSize": 1
              }
            }
          ],
          "containerType": "CRAFTING_TABLE"
        },
        {
          "inputs": [
            {
              "slotIndex": 0,
              "itemStacks": [
                {
                  "name": "minecraft:planks",
                  "stackSize": 1
                }
              ]
            },
            {
              "slotIndex": 3,
              "itemStacks": [
                {
                  "name": "minecraft:planks",
                  "stackSize": 1
                }
              ]
            }
          ],
          "outputs": [
            {
              "slotIndex": 9,
              "itemStack": {
                "name": "minecraft:stick",
                "stackSize": 4
              }
            }
          ],
          "containerType": "CRAFTING_TABLE"
        },
        {
          "inputs": [
            {
              "slotIndex": 0,
              "itemStacks": [
                {
                  "name": "minecraft:planks",
                  "stackSize": 1
                }
              ]
            },
            {
              "slotIndex": 1,
              "itemStacks": [
                {
                  "name": "minecraft:planks",
                  "stackSize": 1
                }
              ]
            },
            {
              "slotIndex": 3,
              "itemStacks": [
                {
                  "name": "minecraft:planks",
                  "stackSize": 1
                }
              ]
            },
            {
              "slotIndex": 4,
              "itemStacks": [
                {
                  "name": "minecraft:planks",
                  "stackSize": 1
                }
              ]
            }
          ],
          "outputs": [
            {
              "slotIndex": 9,
              "itemStack": {
                "name": "minecraft:crafting_table",
                "stackSize": 1
              }
            }
          ],
          "containerType": "CRAFTING_TABLE"
        },
        {
          "inputs": [
            {
              "slotIndex": 0,
              "itemStacks": [
                {
                  "name": "minecraft:planks",
                  "stackSize": 1
                }
              ]
            },
            {
              "slotIndex": 1,
              "itemStacks": [
                {
                  "name": "minecraft:stick",
                  "stackSize": 1
                }
              ]
            },
            {
              "slotIndex": 2,
              "itemStacks": [
                {
                  "name": "minecraft:planks",
                  "stackSize": 1
                }
              ]
            },
            {
              "slotIndex": 3,
              "itemStacks": [
                {
                  "name": "minecraft:planks",
                  "stackSize": 1
                }
              ]
            },
            {
              "slotIndex": 5,
              "itemStacks": [
                {
                  "name": "minecraft:planks",
                  "stackSize": 1
                }
              ]
            },
            {
              "slotIndex": 7,
              "itemStacks": [
                {
                  "name": "minecraft:planks",
                  "stackSize": 1
                }
              ]
            }
          ],
          "outputs": [
            {
              "slotIndex": 9,
              "itemStack": {
                "name": "polycraft:tree_tap",
                "stackSize": 1
              }
            }
          ],
          "containerType": "CRAFTING_TABLE"
        },
        {
          "inputs": [
            {
              "slotIndex": -1,
              "itemStacks": [
                {
                  "name": "minecraft:log",
                  "stackSize": 1
                }
              ]
            }
          ],
          "outputs": [
            {
              "slotIndex": 9,
              "itemStack": {
                "name": "minecraft:planks",
                "stackSize": 4
              }
            }
          ],
          "containerType": "CRAFTING_TABLE"
        },
        {
          "inputs": [
            {
              "slotIndex": 3,
              "itemStacks": [
                {
                  "name": "polycraft:cartridge_propane",
                  "stackSize": 1
                }
              ]
            },
            {
              "slotIndex": 8,
              "itemStacks": [
                {
                  "name": "minecraft:log",
                  "stackSize": 1
                }
              ]
            },
            {
              "slotIndex": 7,
              "itemStacks": [
                {
                  "name": "polycraft:block_of_titanium",
                  "stackSize": 1
                }
              ]
            },
            {
              "slotIndex": 6,
              "itemStacks": [
                {
                  "name": "minecraft:log",
                  "stackSize": 1
                }
              ]
            },
            {
              "slotIndex": 0,
              "itemStacks": [
                {
                  "name": "polycraft:hose_low_pressure",
                  "stackSize": 1
                }
              ]
            },
            {
              "slotIndex": 5,
              "itemStacks": [
                {
                  "name": "polycraft:block_of_titanium",
                  "stackSize": 1
                }
              ]
            },
            {
              "slotIndex": 1,
              "itemStacks": [
                {
                  "name": "polycraft:regulator_medium_pressure",
                  "stackSize": 1
                }
              ]
            },
            {
              "slotIndex": 2,
              "itemStacks": [
                {
                  "name": "polycraft:hose_low_pressure",
                  "stackSize": 1
                }
              ]
            },
            {
              "slotIndex": 4,
              "itemStacks": [
                {
                  "name": "polycraft:kevlar_vest",
                  "stackSize": 1
                }
              ]
            }
          ],
          "outputs": [
            {
              "slotIndex": 9,
              "itemStack": {
                "name": "polycraft:jet_pack_beginner",
                "stackSize": 1
              }
            }
          ],
          "containerType": "CRAFTING_TABLE"
        },
        {
          "inputs": [
            {
              "slotIndex": 3,
              "itemStacks": [
                {
                  "name": "minecraft:nether_star",
                  "stackSize": 1
                }
              ]
            },
            {
              "slotIndex": 8,
              "itemStacks": [
                {
                  "name": "minecraft:clay",
                  "stackSize": 1
                }
              ]
            },
            {
              "slotIndex": 7,
              "itemStacks": [
                {
                  "name": "minecraft:nether_star",
                  "stackSize": 1
                }
              ]
            },
            {
              "slotIndex": 6,
              "itemStacks": [
                {
                  "name": "minecraft:clay",
                  "stackSize": 1
                }
              ]
            },
            {
              "slotIndex": 0,
              "itemStacks": [
                {
                  "name": "polycraft:block_of_titanium",
                  "stackSize": 1
                }
              ]
            },
            {
              "slotIndex": 5,
              "itemStacks": [
                {
                  "name": "minecraft:nether_star",
                  "stackSize": 1
                }
              ]
            },
            {
              "slotIndex": 1,
              "itemStacks": [
                {
                  "name": "minecraft:nether_star",
                  "stackSize": 1
                }
              ]
            },
            {
              "slotIndex": 2,
              "itemStacks": [
                {
                  "name": "polycraft:block_of_titanium",
                  "stackSize": 1
                }
              ]
            },
            {
              "slotIndex": 4,
              "itemStacks": [
                {
                  "name": "minecraft:redstone_block",
                  "stackSize": 1
                }
              ]
            }
          ],
          "outputs": [
            {
              "slotIndex": 9,
              "itemStack": {
                "name": "polycraft:laser",
                "stackSize": 1
              }
            }
          ],
          "containerType": "CRAFTING_TABLE"
        },
        {
          "inputs": [
            {
              "slotIndex": 3,
              "itemStacks": [
                {
                  "name": "polycraft:processor",
                  "stackSize": 1
                }
              ]
            },
            {
              "slotIndex": 8,
              "itemStacks": [
                {
                  "name": "polycraft:block_of_titanium",
                  "stackSize": 1
                }
              ]
            },
            {
              "slotIndex": 7,
              "itemStacks": [
                {
                  "name": "minecraft:glass",
                  "stackSize": 1
                }
              ]
            },
            {
              "slotIndex": 6,
              "itemStacks": [
                {
                  "name": "minecraft:glass",
                  "stackSize": 1
                }
              ]
            },
            {
              "slotIndex": 0,
              "itemStacks": [
                {
                  "name": "polycraft:low_power_radio",
                  "stackSize": 1
                }
              ]
            },
            {
              "slotIndex": 5,
              "itemStacks": [
                {
                  "name": "polycraft:block_of_titanium",
                  "stackSize": 1
                }
              ]
            },
            {
              "slotIndex": 1,
              "itemStacks": [
                {
                  "name": "polycraft:cell_phone_case_san",
                  "stackSize": 1
                }
              ]
            },
            {
              "slotIndex": 2,
              "itemStacks": [
                {
                  "name": "polycraft:oled_array",
                  "stackSize": 1
                }
              ]
            },
            {
              "slotIndex": 4,
              "itemStacks": [
                {
                  "name": "polycraft:amplifier",
                  "stackSize": 1
                }
              ]
            }
          ],
          "outputs": [
            {
              "slotIndex": 9,
              "itemStack": {
                "name": "polycraft:cell_phone",
                "stackSize": 1
              }
            }
          ],
          "containerType": "CRAFTING_TABLE"
        }
      ]
    },
    {
      "pos": [
        3,
        4,
        6
      ],
      "name": "Add Items 6",
      "color": -256,
      "type": "ADD_ITEMS",
      "canProceed": false,
      "isDone": false,
      "completionTime": 0,
      "uuid": "abc1fc7c-3bae-4c9d-b8e6-60e463b52987",
      "itemList": [
        {
          "slot": 64,
          "itemDef": {
            "itemName": "polycraft:expitem",
            "itemMeta": 0,
            "count": 1,
            "nameOverride": "polycraft:pickaxe_12",
            "toolType": "PICKAXE",
            "efficiency": 0.44374105
          }
        },
        {
          "slot": 1,
          "itemDef": {
            "itemName": "polycraft:kevlar_vest",
            "itemMeta": 0,
            "count": 1
          }
        },
        {
          "slot": 2,
          "itemDef": {
            "itemName": "minecraft:redstone_block",
            "itemMeta": 0,
            "count": 1
          }
        },
        {
          "slot": 67,
          "itemDef": {
            "itemName": "polycraft:expitem",
            "itemMeta": 0,
            "count": 1,
            "nameOverride": "polycraft:hatchet_41",
            "toolType": "HATCHET",
            "efficiency": 0.6765037
          }
        },
        {
          "slot": 3,
          "itemDef": {
            "itemName": "polycraft:processor",
            "itemMeta": 0,
            "count": 1
          }
        },
        {
          "slot": 68,
          "itemDef": {
            "itemName": "polycraft:expitem",
            "itemMeta": 0,
            "count": 1,
            "nameOverride": "polycraft:pickaxe_57",
            "toolType": "PICKAXE",
            "efficiency": 0.28987265
          }
        },
        {
          "slot": 5,
          "itemDef": {
            "itemName": "minecraft:nether_star",
            "itemMeta": 0,
            "count": 4
          }
        },
        {
          "slot": 6,
          "itemDef": {
            "itemName": "polycraft:expitem",
            "itemMeta": 0,
            "count": 1,
            "nameOverride": "polycraft:hatchet_25",
            "toolType": "HATCHET",
            "efficiency": 0.74141437
          }
        },
        {
          "slot": 8,
          "itemDef": {
            "itemName": "polycraft:oled_array",
            "itemMeta": 0,
            "count": 1
          }
        },
        {
          "slot": 9,
          "itemDef": {
            "itemName": "polycraft:hose_low_pressure",
            "itemMeta": 0,
            "count": 2
          }
        },
        {
          "slot": 10,
          "itemDef": {
            "itemName": "polycraft:expitem",
            "itemMeta": 0,
            "count": 1,
            "nameOverride": "polycraft:glasscutter_59",
            "toolType": "GLASSCUTTER",
            "efficiency": 0.6878742
          }
        },
        {
          "slot": 12,
          "itemDef": {
            "itemName": "polycraft:expitem",
            "itemMeta": 0,
            "count": 1,
            "nameOverride": "polycraft:pickaxe_3",
            "toolType": "PICKAXE",
            "efficiency": 0.31032574
          }
        },
        {
          "slot": 13,
          "itemDef": {
            "itemName": "polycraft:expitem",
            "itemMeta": 0,
            "count": 1,
            "nameOverride": "polycraft:glasscutter_20",
            "toolType": "GLASSCUTTER",
            "efficiency": 0.7232274
          }
        },
        {
          "slot": 78,
          "itemDef": {
            "itemName": "polycraft:expitem",
            "itemMeta": 0,
            "count": 1,
            "nameOverride": "polycraft:hatchet_84",
            "toolType": "HATCHET",
            "efficiency": 0.6922919
          }
        },
        {
          "slot": 17,
          "itemDef": {
            "itemName": "polycraft:expitem",
            "itemMeta": 0,
            "count": 1,
            "nameOverride": "polycraft:shovel_87",
            "toolType": "SHOVEL",
            "efficiency": 0.20333986
          }
        },
        {
          "slot": 18,
          "itemDef": {
            "itemName": "polycraft:expitem",
            "itemMeta": 0,
            "count": 1,
            "nameOverride": "polycraft:shovel_11",
            "toolType": "SHOVEL",
            "efficiency": 0.6515737
          }
        },
        {
          "slot": 21,
          "itemDef": {
            "itemName": "polycraft:expitem",
            "itemMeta": 0,
            "count": 1,
            "nameOverride": "polycraft:hatchet_34",
            "toolType": "HATCHET",
            "efficiency": 0.6860025
          }
        },
        {
          "slot": 22,
          "itemDef": {
            "itemName": "polycraft:expitem",
            "itemMeta": 0,
            "count": 1,
            "nameOverride": "polycraft:shovel_69",
            "toolType": "SHOVEL",
            "efficiency": 0.49551502
          }
        },
        {
          "slot": 86,
          "itemDef": {
            "itemName": "polycraft:expitem",
            "itemMeta": 0,
            "count": 1,
            "nameOverride": "polycraft:glasscutter_43",
            "toolType": "GLASSCUTTER",
            "efficiency": 0.10035262
          }
        },
        {
          "slot": 23,
          "itemDef": {
            "itemName": "polycraft:cartridge_propane",
            "itemMeta": 0,
            "count": 2
          }
        },
        {
          "slot": 25,
          "itemDef": {
            "itemName": "polycraft:amplifier",
            "itemMeta": 0,
            "count": 1
          }
        },
        {
          "slot": 26,
          "itemDef": {
            "itemName": "polycraft:regulator_medium_pressure",
            "itemMeta": 0,
            "count": 1
          }
        },
        {
          "slot": 91,
          "itemDef": {
            "itemName": "polycraft:expitem",
            "itemMeta": 0,
            "count": 1,
            "nameOverride": "polycraft:pickaxe_71",
            "toolType": "PICKAXE",
            "efficiency": 0.6583954
          }
        },
        {
          "slot": 27,
          "itemDef": {
            "itemName": "polycraft:low_power_radio",
            "itemMeta": 0,
            "count": 1
          }
        },
        {
          "slot": 29,
          "itemDef": {
            "itemName": "polycraft:cell_phone_case_san",
            "itemMeta": 0,
            "count": 2
          }
        },
        {
          "slot": 95,
          "itemDef": {
            "itemName": "polycraft:expitem",
            "itemMeta": 0,
            "count": 1,
            "nameOverride": "polycraft:shovel_35",
            "toolType": "SHOVEL",
            "efficiency": 0.15243883
          }
        },
        {
          "slot": 31,
          "itemDef": {
            "itemName": "polycraft:expitem",
            "itemMeta": 0,
            "count": 1,
            "nameOverride": "polycraft:glasscutter_53",
            "toolType": "GLASSCUTTER",
            "efficiency": 0.27462515
          }
        },
        {
          "slot": 97,
          "itemDef": {
            "itemName": "polycraft:expitem",
            "itemMeta": 0,
            "count": 1,
            "nameOverride": "polycraft:hatchet_75",
            "toolType": "HATCHET",
            "efficiency": 0.19149956
          }
        },
        {
          "slot": 36,
          "itemDef": {
            "itemName": "polycraft:expitem",
            "itemMeta": 0,
            "count": 1,
            "nameOverride": "polycraft:glasscutter_30",
            "toolType": "GLASSCUTTER",
            "efficiency": 0.516214
          }
        },
        {
          "slot": 37,
          "itemDef": {
            "itemName": "polycraft:expitem",
            "itemMeta": 0,
            "count": 1,
            "nameOverride": "polycraft:pickaxe_2",
            "toolType": "PICKAXE",
            "efficiency": 0.8185029
          }
        },
        {
          "slot": 51,
          "itemDef": {
            "itemName": "polycraft:expitem",
            "itemMeta": 0,
            "count": 1,
            "nameOverride": "polycraft:shovel_43",
            "toolType": "SHOVEL",
            "efficiency": 0.4683325
          }
        }
      ]
    },
    {
      "pos": [
        0,
        4,
        0
      ],
      "name": "Tool Type Lookup",
      "color": -8355712,
      "type": "EFFICIENCY_TYPE_LOOKUP",
      "canProceed": false,
      "isDone": false,
      "completionTime": 0,
      "uuid": "d05f370c-bda1-4740-953a-011c9e51556a",
      "efficiencyLevelLookup": [
        {
          "block": "minecraft:diamond_block",
          "SHOVEL": "BAD",
          "HATCHET": "BAD",
          "HAMMER": "BAD",
          "GLASSCUTTER": "BAD",
          "DRILL": "BAD",
          "PICKAXE": "GOOD",
          "SCREWDRIVER": "BAD"
        },
        {
          "block": "minecraft:stone",
          "SHOVEL": "BAD",
          "HATCHET": "BAD",
          "HAMMER": "BAD",
          "GLASSCUTTER": "BAD",
          "DRILL": "BAD",
          "PICKAXE": "GOOD",
          "SCREWDRIVER": "BAD"
        },
        {
          "block": "polycraft:block_of_copper",
          "SHOVEL": "BAD",
          "HATCHET": "BAD",
          "HAMMER": "BAD",
          "GLASSCUTTER": "BAD",
          "DRILL": "GREAT",
          "PICKAXE": "GOOD",
          "SCREWDRIVER": "BAD"
        },
        {
          "block": "minecraft:clay",
          "SHOVEL": "GOOD",
          "HATCHET": "BAD",
          "HAMMER": "BAD",
          "GLASSCUTTER": "BAD",
          "DRILL": "BAD",
          "PICKAXE": "BAD",
          "SCREWDRIVER": "BAD"
        },
        {
          "block": "minecraft:glass",
          "SHOVEL": "BAD",
          "HATCHET": "BAD",
          "HAMMER": "BAD",
          "GLASSCUTTER": "GOOD",
          "DRILL": "BAD",
          "PICKAXE": "BAD",
          "SCREWDRIVER": "BAD"
        },
        {
          "block": "polycraft:block_of_silicon",
          "SHOVEL": "BAD",
          "HATCHET": "BAD",
          "HAMMER": "BAD",
          "GLASSCUTTER": "BAD",
          "DRILL": "GREAT",
          "PICKAXE": "GOOD",
          "SCREWDRIVER": "BAD"
        },
        {
          "block": "minecraft:log",
          "SHOVEL": "BAD",
          "HATCHET": "GOOD",
          "HAMMER": "BAD",
          "GLASSCUTTER": "BAD",
          "DRILL": "GOOD",
          "PICKAXE": "BAD",
          "SCREWDRIVER": "BAD"
        },
        {
          "block": "polycraft:bauxite",
          "SHOVEL": "BAD",
          "HATCHET": "BAD",
          "HAMMER": "BAD",
          "GLASSCUTTER": "BAD",
          "DRILL": "GREAT",
          "PICKAXE": "GOOD",
          "SCREWDRIVER": "BAD"
        },
        {
          "block": "polycraft:block_of_titanium",
          "SHOVEL": "BAD",
          "HATCHET": "BAD",
          "HAMMER": "FAIL",
          "GLASSCUTTER": "BAD",
          "DRILL": "BAD",
          "PICKAXE": "GOOD",
          "SCREWDRIVER": "FAIL"
        }
      ]
    },
    {
      "pos": [
        0,
        0,
        0
      ],
      "name": "End Condition",
      "color": -256,
      "type": "END",
      "canProceed": true,
      "isDone": false,
      "completionTime": 0,
      "uuid": "e437dc65-2fe5-40ce-b900-5d35bef22137",
      "endCondition": "ITEM",
      "itemToAcquire": "polycraft:cell_phone",
      "blockToPlace": "",
      "locationToReach": [
        0,
        0,
        0
      ],
      "endTime": 0.0,
      "endStepCost": 0.0,
      "isFinished": false,
      "blockName": "minecraft:lapis_block",
      "blockMeta": 0
    },
    {
      "pos": [
        13,
        4,
        34
      ],
      "name": "Guide 2",
      "color": -256,
      "type": "GUIDE",
      "canProceed": false,
      "isDone": false,
      "completionTime": 0,
      "uuid": "94a810a0-8065-4f3f-a54e-81554d69e735",
      "pos2": [
        13,
        4,
        34
      ]
    }
  ],
  "options": {
    "pos": [
      0,
      2,
      0
    ],
    "pos2": [
      30,
      9,
      30
    ],
    "name": "",
    "numTeams": 2,
    "teamSize": 2,
    "seed": -848486417,
    "hideGui": false,
    "outputScreen": false,
    "distribution": "Uninformed",
    "maxScore": 208524
  },
  "novelty_config": {
    "seed": 0,
    "templatePath": "../Novelty/input/pogo_v2.json",
    "novelties": [
      {
        "type": "RoomGenTransform",
        "roomGenTransformType": "UPDATE_ROOMS",
        "roomGenOrder": [
          0
        ],
        "roomGenOrderR": [
          1
        ],
        "roomTypes": [
          {
            "xMin": 3,
            "xMax": 3,
            "yMin": 1,
            "yMax": 1,
            "zMin": 3,
            "zMax": 3,
            "blockFloorName": "minecraft:planks",
            "blockCeilName": "minecraft:air",
            "blockWallName": "minecraft:brick_block",
            "blockRefName": "minecraft:grass",
            "canPlayerSpawn": true,
            "tagList": [
              "primary",
              "door"
            ]
          }
        ]
      },
      {
        "blockName": "minecraft:crafting_table",
        "type": "WorldGenTransform",
        "transformType": "BLOCK_LOCATION",
        "countOffset": 0,
        "tagList": [
          "primary"
        ]
      },
      {
        "blockName": "tree",
        "type": "WorldGenTransform",
        "transformType": "BLOCK_LOCATION",
        "countOffset": -5,
        "tagList": [
          "primary"
        ]
      },
      {
        "blockName": "polycraft:block_of_titanium",
        "type": "WorldGenTransform",
        "transformType": "BLOCK_CLUSTER",
        "countOffset": 1,
        "tagList": [
          "primary"
        ]
      },
      {
        "blockName": "minecraft:diamond_block",
        "type": "WorldGenTransform",
        "transformType": "BLOCK_CLUSTER",
        "countOffset": 1,
        "tagList": [
          "primary"
        ]
      },
      {
        "blockName": "minecraft:stone",
        "type": "WorldGenTransform",
        "transformType": "BLOCK_CLUSTER",
        "countOffset": 1,
        "tagList": [
          "primary"
        ]
      },
      {
        "blockName": "polycraft:block_of_silicon",
        "type": "WorldGenTransform",
        "transformType": "BLOCK_CLUSTER",
        "countOffset": 1,
        "tagList": [
          "primary"
        ]
      },
      {
        "blockName": "polycraft:bauxite",
        "type": "WorldGenTransform",
        "transformType": "BLOCK_CLUSTER",
        "countOffset": 1,
        "tagList": [
          "primary"
        ]
      },
      {
        "blockName": "polycraft:block_of_copper",
        "type": "WorldGenTransform",
        "transformType": "BLOCK_CLUSTER",
        "countOffset": 1,
        "tagList": [
          "primary"
        ]
      },
      {
        "blockName": "minecraft:log",
        "type": "WorldGenTransform",
        "transformType": "BLOCK_CLUSTER",
        "countOffset": 1,
        "tagList": [
          "primary"
        ]
      },
      {
        "blockName": "minecraft:clay",
        "type": "WorldGenTransform",
        "transformType": "BLOCK_CLUSTER",
        "countOffset": 1,
        "tagList": [
          "primary"
        ]
      },
      {
        "blockName": "minecraft:glass",
        "type": "WorldGenTransform",
        "transformType": "BLOCK_CLUSTER",
        "countOffset": 1,
        "tagList": [
          "primary"
        ]
      },
      {
        "type": "GenToolsTransform",
        "toolGens": [
          {
            "toolType": "PICKAXE",
            "count": 100,
            "minEff": 0.10,
            "maxEff": 0.90,
            "suffix": "polycraft:pickaxe",
            "toolsPerGame": 5
          },
          {
            "toolType": "SHOVEL",
            "count": 100,
            "minEff": 0.10,
            "maxEff": 0.90,
            "suffix": "polycraft:shovel",
            "toolsPerGame": 5
          },
          {
            "toolType": "HATCHET",
            "count": 100,
            "minEff": 0.10,
            "maxEff": 0.90,
            "suffix": "polycraft:hatchet",
            "toolsPerGame": 5
          },
          {
            "toolType": "GLASSCUTTER",
            "count": 100,
            "minEff": 0.10,
            "maxEff": 0.90,
            "suffix": "polycraft:glasscutter",
            "toolsPerGame": 5
          }
        ],
        "efficiencyLevelLookup": [
          {
            "block": "polycraft:block_of_titanium",
            "PICKAXE": "GOOD",
            "SHOVEL": "BAD",
            "HATCHET": "BAD",
            "SCREWDRIVER": "FAIL",
            "HAMMER": "FAIL",
            "DRILL": "BAD",
            "GLASSCUTTER": "BAD"
          },
          {
            "block": "minecraft:diamond_block",
            "PICKAXE": "GOOD",
            "SHOVEL": "BAD",
            "HATCHET": "BAD",
            "SCREWDRIVER": "BAD",
            "HAMMER": "BAD",
            "DRILL": "BAD",
            "GLASSCUTTER": "BAD"
          },
          {
            "block": "minecraft:stone",
            "PICKAXE": "GOOD",
            "SHOVEL": "BAD",
            "HATCHET": "BAD",
            "SCREWDRIVER": "BAD",
            "HAMMER": "BAD",
            "DRILL": "BAD",
            "GLASSCUTTER": "BAD"
          },
          {
            "block": "polycraft:block_of_silicon",
            "PICKAXE": "GOOD",
            "SHOVEL": "BAD",
            "HATCHET": "BAD",
            "SCREWDRIVER": "BAD",
            "HAMMER": "BAD",
            "DRILL": "GREAT",
            "GLASSCUTTER": "BAD"
          },
          {
            "block": "polycraft:bauxite",
            "PICKAXE": "GOOD",
            "SHOVEL": "BAD",
            "HATCHET": "BAD",
            "SCREWDRIVER": "BAD",
            "HAMMER": "BAD",
            "DRILL": "GREAT",
            "GLASSCUTTER": "BAD"
          },
          {
            "block": "polycraft:block_of_copper",
            "PICKAXE": "GOOD",
            "SHOVEL": "BAD",
            "HATCHET": "BAD",
            "SCREWDRIVER": "BAD",
            "HAMMER": "BAD",
            "DRILL": "GREAT",
            "GLASSCUTTER": "BAD"
          },
          {
            "block": "minecraft:log",
            "PICKAXE": "BAD",
            "SHOVEL": "BAD",
            "HATCHET": "GOOD",
            "SCREWDRIVER": "BAD",
            "HAMMER": "BAD",
            "DRILL": "GOOD",
            "GLASSCUTTER": "BAD"
          },
          {
            "block": "minecraft:clay",
            "PICKAXE": "BAD",
            "SHOVEL": "GOOD",
            "HATCHET": "BAD",
            "SCREWDRIVER": "BAD",
            "HAMMER": "BAD",
            "DRILL": "BAD",
            "GLASSCUTTER": "BAD"
          },
          {
            "block": "minecraft:glass",
            "PICKAXE": "BAD",
            "SHOVEL": "BAD",
            "HATCHET": "BAD",
            "SCREWDRIVER": "BAD",
            "HAMMER": "BAD",
            "DRILL": "BAD",
            "GLASSCUTTER": "GOOD"
          }
        ]
      },
      {
        "type": "GoalTransform",
        "goalRepeatCount": 20,
        "transformType": "RANDOM_NO_REPEAT",
        "overrideGoalConfig": [
          {
            "goalType": "ITEM",
            "itemToAcquire": "polycraft:jet_pack_beginner"
          },
          {
            "goalType": "ITEM",
            "itemToAcquire": "polycraft:laser"
          },
          {
            "goalType": "ITEM",
            "itemToAcquire": "polycraft:cell_phone"
          }
        ]
      },
      {
        "type": "RecipeTransform",
        "transformType": "ADD_FW2_RECIPES_SIMPLE"
      }
    ],
    "seedOverride": -848486417,
    "generatedTimeStamp": "2022-10-27 14:19:39.621"
  }
}