{
  "features": [
    {
      "pos": [
        10,
        17,
        16
      ],
      "name": "Start 0",
      "color": -16711681,
      "type": "START",
      "canProceed": false,
      "isDone": false,
      "completionTime": 0,
      "uuid": "2546a16b-b4b7-4a87-b733-4ec7e85077a5",
      "pos2": [
        27,
        4,
        27
      ],
      "lookDir": [
        0,
        90,
        0
      ],
      "dim": 0,
      "spawnedInServer": false,
      "spawnedInClient": false,
      "spawnRand": false
    },
    {
      "pos": [
        0,
        16,
        0
      ],
      "name": "Room_0",
      "color": -16711936,
      "type": "ROOM",
      "canProceed": false,
      "isDone": false,
      "completionTime": 0,
      "uuid": "7c255648-f675-4570-bd89-9b6aca9d2e19",
      "pos2": [
        23,
        23,
        23
      ],
      "blockFloorMeta": 0,
      "blockFloorName": "minecraft:planks",
      "blockWallMeta": 0,
      "blockWallName": "minecraft:brick_block",
      "blockWallMetaTwo": 0,
      "blockCeilMeta": 0,
      "blockCeilName": "minecraft:air",
      "blockRefMeta": 0,
      "blockRefName": "minecraft:grass",
      "spawnRefBlocks": false,
      "recycleRefSeed": true,
      "isChunkBased": true,
      "refSeed": 1388528533,
      "refSpawnChance": 0.0,
      "intensity": 41,
      "useRandomMeta": false,
      "wallTexture": "T2",
      "wallColor": "T2",
      "floorTexture": "T5",
      "floorColor": "T1",
      "chunks": [
        {
          "pos": [
            2,
            2,
            0
          ],
          "wallConfiguration": [
            {
              "face": "north",
              "config": {
                "type": "EXTERNAL",
                "wallConfiguration": [],
                "defaultPath": {
                  "type": "BLUEPRINT",
                  "reversed": false,
                  "buttonLocation": "NONE",
                  "pressurePlaceLocation": "NONE",
                  "keyMetas": []
                }
              }
            },
            {
              "face": "east",
              "config": {
                "type": "EXTERNAL",
                "wallConfiguration": [],
                "defaultPath": {
                  "type": "BLUEPRINT",
                  "reversed": false,
                  "buttonLocation": "NONE",
                  "pressurePlaceLocation": "NONE",
                  "keyMetas": []
                }
              }
            },
            {
              "face": "south",
              "config": {
                "type": "INTERNAL",
                "wallConfiguration": [],
                "defaultPath": {
                  "type": "BLUEPRINT",
                  "reversed": false,
                  "buttonLocation": "NONE",
                  "pressurePlaceLocation": "NONE",
                  "keyMetas": []
                }
              }
            },
            {
              "face": "west",
              "config": {
                "type": "INTERNAL",
                "wallConfiguration": [],
                "defaultPath": {
                  "type": "BLUEPRINT",
                  "reversed": false,
                  "buttonLocation": "NONE",
                  "pressurePlaceLocation": "NONE",
                  "keyMetas": []
                }
              }
            }
          ],
          "roomID": 0
        },
        {
          "pos": [
            1,
            2,
            1
          ],
          "wallConfiguration": [
            {
              "face": "north",
              "config": {
                "type": "INTERNAL",
                "wallConfiguration": [],
                "defaultPath": {
                  "type": "BLUEPRINT",
                  "reversed": false,
                  "buttonLocation": "NONE",
                  "pressurePlaceLocation": "NONE",
                  "keyMetas": []
                }
              }
            },
            {
              "face": "east",
              "config": {
                "type": "INTERNAL",
                "wallConfiguration": [],
                "defaultPath": {
                  "type": "BLUEPRINT",
                  "reversed": false,
                  "buttonLocation": "NONE",
                  "pressurePlaceLocation": "NONE",
                  "keyMetas": []
                }
              }
            },
            {
              "face": "south",
              "config": {
                "type": "INTERNAL",
                "wallConfiguration": [],
                "defaultPath": {
                  "type": "BLUEPRINT",
                  "reversed": false,
                  "buttonLocation": "NONE",
                  "pressurePlaceLocation": "NONE",
                  "keyMetas": []
                }
              }
            },
            {
              "face": "west",
              "config": {
                "type": "INTERNAL",
                "wallConfiguration": [],
                "defaultPath": {
                  "type": "BLUEPRINT",
                  "reversed": false,
                  "buttonLocation": "NONE",
                  "pressurePlaceLocation": "NONE",
                  "keyMetas": []
                }
              }
            }
          ],
          "roomID": 0
        },
        {
          "pos": [
            0,
            2,
            2
          ],
          "wallConfiguration": [
            {
              "face": "north",
              "config": {
                "type": "INTERNAL",
                "wallConfiguration": [],
                "defaultPath": {
                  "type": "BLUEPRINT",
                  "reversed": false,
                  "buttonLocation": "NONE",
                  "pressurePlaceLocation": "NONE",
                  "keyMetas": []
                }
              }
            },
            {
              "face": "east",
              "config": {
                "type": "INTERNAL",
                "wallConfiguration": [],
                "defaultPath": {
                  "type": "BLUEPRINT",
                  "reversed": false,
                  "buttonLocation": "NONE",
                  "pressurePlaceLocation": "NONE",
                  "keyMetas": []
                }
              }
            },
            {
              "face": "south",
              "config": {
                "type": "EXTERNAL",
                "wallConfiguration": [],
                "defaultPath": {
                  "type": "BLUEPRINT",
                  "reversed": false,
                  "buttonLocation": "NONE",
                  "pressurePlaceLocation": "NONE",
                  "keyMetas": []
                }
              }
            },
            {
              "face": "west",
              "config": {
                "type": "EXTERNAL",
                "wallConfiguration": [],
                "defaultPath": {
                  "type": "BLUEPRINT",
                  "reversed": false,
                  "buttonLocation": "NONE",
                  "pressurePlaceLocation": "NONE",
                  "keyMetas": []
                }
              }
            }
          ],
          "roomID": 0
        },
        {
          "pos": [
            2,
            2,
            1
          ],
          "wallConfiguration": [
            {
              "face": "north",
              "config": {
                "type": "INTERNAL",
                "wallConfiguration": [],
                "defaultPath": {
                  "type": "BLUEPRINT",
                  "reversed": false,
                  "buttonLocation": "NONE",
                  "pressurePlaceLocation": "NONE",
                  "keyMetas": []
                }
              }
            },
            {
              "face": "east",
              "config": {
                "type": "EXTERNAL",
                "wallConfiguration": [],
                "defaultPath": {
                  "type": "BLUEPRINT",
                  "reversed": false,
                  "buttonLocation": "NONE",
                  "pressurePlaceLocation": "NONE",
                  "keyMetas": []
                }
              }
            },
            {
              "face": "south",
              "config": {
                "type": "INTERNAL",
                "wallConfiguration": [],
                "defaultPath": {
                  "type": "BLUEPRINT",
                  "reversed": false,
                  "buttonLocation": "NONE",
                  "pressurePlaceLocation": "NONE",
                  "keyMetas": []
                }
              }
            },
            {
              "face": "west",
              "config": {
                "type": "INTERNAL",
                "wallConfiguration": [],
                "defaultPath": {
                  "type": "BLUEPRINT",
                  "reversed": false,
                  "buttonLocation": "NONE",
                  "pressurePlaceLocation": "NONE",
                  "keyMetas": []
                }
              }
            }
          ],
          "roomID": 0
        },
        {
          "pos": [
            1,
            2,
            2
          ],
          "wallConfiguration": [
            {
              "face": "north",
              "config": {
                "type": "INTERNAL",
                "wallConfiguration": [],
                "defaultPath": {
                  "type": "BLUEPRINT",
                  "reversed": false,
                  "buttonLocation": "NONE",
                  "pressurePlaceLocation": "NONE",
                  "keyMetas": []
                }
              }
            },
            {
              "face": "east",
              "config": {
                "type": "INTERNAL",
                "wallConfiguration": [],
                "defaultPath": {
                  "type": "BLUEPRINT",
                  "reversed": false,
                  "buttonLocation": "NONE",
                  "pressurePlaceLocation": "NONE",
                  "keyMetas": []
                }
              }
            },
            {
              "face": "south",
              "config": {
                "type": "EXTERNAL",
                "wallConfiguration": [],
                "defaultPath": {
                  "type": "BLUEPRINT",
                  "reversed": false,
                  "buttonLocation": "NONE",
                  "pressurePlaceLocation": "NONE",
                  "keyMetas": []
                }
              }
            },
            {
              "face": "west",
              "config": {
                "type": "INTERNAL",
                "wallConfiguration": [],
                "defaultPath": {
                  "type": "BLUEPRINT",
                  "reversed": false,
                  "buttonLocation": "NONE",
                  "pressurePlaceLocation": "NONE",
                  "keyMetas": []
                }
              }
            }
          ],
          "roomID": 0
        },
        {
          "pos": [
            2,
            2,
            2
          ],
          "wallConfiguration": [
            {
              "face": "north",
              "config": {
                "type": "INTERNAL",
                "wallConfiguration": [],
                "defaultPath": {
                  "type": "BLUEPRINT",
                  "reversed": false,
                  "buttonLocation": "NONE",
                  "pressurePlaceLocation": "NONE",
                  "keyMetas": []
                }
              }
            },
            {
              "face": "east",
              "config": {
                "type": "EXTERNAL",
                "wallConfiguration": [],
                "defaultPath": {
                  "type": "BLUEPRINT",
                  "reversed": false,
                  "buttonLocation": "NONE",
                  "pressurePlaceLocation": "NONE",
                  "keyMetas": []
                }
              }
            },
            {
              "face": "south",
              "config": {
                "type": "EXTERNAL",
                "wallConfiguration": [],
                "defaultPath": {
                  "type": "BLUEPRINT",
                  "reversed": false,
                  "buttonLocation": "NONE",
                  "pressurePlaceLocation": "NONE",
                  "keyMetas": []
                }
              }
            },
            {
              "face": "west",
              "config": {
                "type": "INTERNAL",
                "wallConfiguration": [],
                "defaultPath": {
                  "type": "BLUEPRINT",
                  "reversed": false,
                  "buttonLocation": "NONE",
                  "pressurePlaceLocation": "NONE",
                  "keyMetas": []
                }
              }
            }
          ],
          "roomID": 0
        },
        {
          "pos": [
            0,
            2,
            0
          ],
          "wallConfiguration": [
            {
              "face": "north",
              "config": {
                "type": "EXTERNAL",
                "wallConfiguration": [],
                "defaultPath": {
                  "type": "BLUEPRINT",
                  "reversed": false,
                  "buttonLocation": "NONE",
                  "pressurePlaceLocation": "NONE",
                  "keyMetas": []
                }
              }
            },
            {
              "face": "east",
              "config": {
                "type": "INTERNAL",
                "wallConfiguration": [],
                "defaultPath": {
                  "type": "BLUEPRINT",
                  "reversed": false,
                  "buttonLocation": "NONE",
                  "pressurePlaceLocation": "NONE",
                  "keyMetas": []
                }
              }
            },
            {
              "face": "south",
              "config": {
                "type": "INTERNAL",
                "wallConfiguration": [],
                "defaultPath": {
                  "type": "BLUEPRINT",
                  "reversed": false,
                  "buttonLocation": "NONE",
                  "pressurePlaceLocation": "NONE",
                  "keyMetas": []
                }
              }
            },
            {
              "face": "west",
              "config": {
                "type": "EXTERNAL",
                "wallConfiguration": [],
                "defaultPath": {
                  "type": "BLUEPRINT",
                  "reversed": false,
                  "buttonLocation": "NONE",
                  "pressurePlaceLocation": "NONE",
                  "keyMetas": []
                }
              }
            }
          ],
          "roomID": 0
        },
        {
          "pos": [
            1,
            2,
            0
          ],
          "wallConfiguration": [
            {
              "face": "north",
              "config": {
                "type": "EXTERNAL",
                "wallConfiguration": [],
                "defaultPath": {
                  "type": "BLUEPRINT",
                  "reversed": false,
                  "buttonLocation": "NONE",
                  "pressurePlaceLocation": "NONE",
                  "keyMetas": []
                }
              }
            },
            {
              "face": "east",
              "config": {
                "type": "INTERNAL",
                "wallConfiguration": [],
                "defaultPath": {
                  "type": "BLUEPRINT",
                  "reversed": false,
                  "buttonLocation": "NONE",
                  "pressurePlaceLocation": "NONE",
                  "keyMetas": []
                }
              }
            },
            {
              "face": "south",
              "config": {
                "type": "INTERNAL",
                "wallConfiguration": [],
                "defaultPath": {
                  "type": "BLUEPRINT",
                  "reversed": false,
                  "buttonLocation": "NONE",
                  "pressurePlaceLocation": "NONE",
                  "keyMetas": []
                }
              }
            },
            {
              "face": "west",
              "config": {
                "type": "INTERNAL",
                "wallConfiguration": [],
                "defaultPath": {
                  "type": "BLUEPRINT",
                  "reversed": false,
                  "buttonLocation": "NONE",
                  "pressurePlaceLocation": "NONE",
                  "keyMetas": []
                }
              }
            }
          ],
          "roomID": 0
        },
        {
          "pos": [
            0,
            2,
            1
          ],
          "wallConfiguration": [
            {
              "face": "north",
              "config": {
                "type": "INTERNAL",
                "wallConfiguration": [],
                "defaultPath": {
                  "type": "BLUEPRINT",
                  "reversed": false,
                  "buttonLocation": "NONE",
                  "pressurePlaceLocation": "NONE",
                  "keyMetas": []
                }
              }
            },
            {
              "face": "east",
              "config": {
                "type": "INTERNAL",
                "wallConfiguration": [],
                "defaultPath": {
                  "type": "BLUEPRINT",
                  "reversed": false,
                  "buttonLocation": "NONE",
                  "pressurePlaceLocation": "NONE",
                  "keyMetas": []
                }
              }
            },
            {
              "face": "south",
              "config": {
                "type": "INTERNAL",
                "wallConfiguration": [],
                "defaultPath": {
                  "type": "BLUEPRINT",
                  "reversed": false,
                  "buttonLocation": "NONE",
                  "pressurePlaceLocation": "NONE",
                  "keyMetas": []
                }
              }
            },
            {
              "face": "west",
              "config": {
                "type": "EXTERNAL",
                "wallConfiguration": [],
                "defaultPath": {
                  "type": "BLUEPRINT",
                  "reversed": false,
                  "buttonLocation": "NONE",
                  "pressurePlaceLocation": "NONE",
                  "keyMetas": []
                }
              }
            }
          ],
          "roomID": 0
        }
      ],
      "tagList": [
        "primary",
        "door"
      ],
      "canPlayerSpawn": true,
      "doors": []
    },
    {
      "pos": [
        0,
        0,
        0
      ],
      "name": "SeedSpawn_1",
      "color": -256,
      "type": "SEED_SPAWN",
      "canProceed": false,
      "isDone": false,
      "completionTime": 0,
      "uuid": "d2ec9d1b-8158-4345-91e8-8cf0b1bc6f92",
      "stepCount": 0
    },
    {
      "pos": [
        1,
        4,
        1
      ],
      "name": "World Builder 1",
      "color": -16711936,
      "type": "WORLDGEN",
      "canProceed": false,
      "isDone": false,
      "completionTime": 0,
      "uuid": "dad57b04-f952-47a9-8905-3143af07848e",
      "pos2": [
        30,
        4,
        30
      ],
      "count": 0,
      "genType": "BLOCK_LIST",
      "blockList": [
        {
          "blockPos": [
            3,
            17,
            10
          ],
          "blockDef": {
            "blockName": "minecraft:stone",
            "blockMeta": 0
          }
        },
        {
          "blockPos": [
            4,
            17,
            10
          ],
          "blockDef": {
            "blockName": "minecraft:stone",
            "blockMeta": 0
          }
        },
        {
          "blockPos": [
            4,
            17,
            11
          ],
          "blockDef": {
            "blockName": "minecraft:stone",
            "blockMeta": 0
          }
        },
        {
          "blockPos": [
            16,
            17,
            4
          ],
          "blockDef": {
            "blockName": "polycraft:block_of_silicon",
            "blockMeta": 0
          }
        },
        {
          "blockPos": [
            17,
            17,
            4
          ],
          "blockDef": {
            "blockName": "polycraft:block_of_silicon",
            "blockMeta": 0
          }
        },
        {
          "blockPos": [
            16,
            17,
            5
          ],
          "blockDef": {
            "blockName": "polycraft:block_of_silicon",
            "blockMeta": 0
          }
        },
        {
          "blockPos": [
            13,
            17,
            8
          ],
          "blockDef": {
            "blockName": "polycraft:bauxite",
            "blockMeta": 0
          }
        },
        {
          "blockPos": [
            14,
            17,
            8
          ],
          "blockDef": {
            "blockName": "polycraft:bauxite",
            "blockMeta": 0
          }
        },
        {
          "blockPos": [
            13,
            17,
            9
          ],
          "blockDef": {
            "blockName": "polycraft:bauxite",
            "blockMeta": 0
          }
        },
        {
          "blockPos": [
            4,
            17,
            18
          ],
          "blockDef": {
            "blockName": "minecraft:glass",
            "blockMeta": 0
          }
        },
        {
          "blockPos": [
            5,
            17,
            18
          ],
          "blockDef": {
            "blockName": "minecraft:glass",
            "blockMeta": 0
          }
        },
        {
          "blockPos": [
            18,
            17,
            6
          ],
          "blockDef": {
            "blockName": "minecraft:diamond_block",
            "blockMeta": 0
          }
        },
        {
          "blockPos": [
            5,
            17,
            19
          ],
          "blockDef": {
            "blockName": "minecraft:glass",
            "blockMeta": 0
          }
        },
        {
          "blockPos": [
            19,
            17,
            6
          ],
          "blockDef": {
            "blockName": "minecraft:diamond_block",
            "blockMeta": 0
          }
        },
        {
          "blockPos": [
            18,
            17,
            7
          ],
          "blockDef": {
            "blockName": "minecraft:diamond_block",
            "blockMeta": 0
          }
        },
        {
          "blockPos": [
            19,
            17,
            7
          ],
          "blockDef": {
            "blockName": "minecraft:diamond_block",
            "blockMeta": 0
          }
        },
        {
          "blockPos": [
            16,
            17,
            11
          ],
          "blockDef": {
            "blockName": "minecraft:log",
            "blockMeta": 0
          }
        },
        {
          "blockPos": [
            17,
            17,
            11
          ],
          "blockDef": {
            "blockName": "minecraft:log",
            "blockMeta": 0
          }
        },
        {
          "blockPos": [
            17,
            17,
            12
          ],
          "blockDef": {
            "blockName": "minecraft:log",
            "blockMeta": 0
          }
        },
        {
          "blockPos": [
            10,
            17,
            20
          ],
          "blockDef": {
            "blockName": "minecraft:clay",
            "blockMeta": 0
          }
        },
        {
          "blockPos": [
            11,
            17,
            20
          ],
          "blockDef": {
            "blockName": "minecraft:clay",
            "blockMeta": 0
          }
        },
        {
          "blockPos": [
            18,
            17,
            17
          ],
          "blockDef": {
            "blockName": "polycraft:block_of_titanium",
            "blockMeta": 0
          }
        },
        {
          "blockPos": [
            19,
            17,
            17
          ],
          "blockDef": {
            "blockName": "polycraft:block_of_titanium",
            "blockMeta": 0
          }
        },
        {
          "blockPos": [
            18,
            17,
            18
          ],
          "blockDef": {
            "blockName": "polycraft:block_of_titanium",
            "blockMeta": 0
          }
        },
        {
          "blockPos": [
            16,
            17,
            20
          ],
          "blockDef": {
            "blockName": "polycraft:block_of_copper",
            "blockMeta": 0
          }
        },
        {
          "blockPos": [
            21,
            17,
            16
          ],
          "blockDef": {
            "blockName": "minecraft:crafting_table",
            "blockMeta": 0
          }
        },
        {
          "blockPos": [
            19,
            17,
            18
          ],
          "blockDef": {
            "blockName": "polycraft:block_of_titanium",
            "blockMeta": 0
          }
        },
        {
          "blockPos": [
            17,
            17,
            20
          ],
          "blockDef": {
            "blockName": "polycraft:block_of_copper",
            "blockMeta": 0
          }
        },
        {
          "blockPos": [
            16,
            17,
            21
          ],
          "blockDef": {
            "blockName": "polycraft:block_of_copper",
            "blockMeta": 0
          }
        }
      ]
    },
    {
      "pos": [
        0,
        17,
        0
      ],
      "name": "map",
      "color": -256,
      "type": "DATA",
      "canProceed": true,
      "isDone": false,
      "completionTime": 0,
      "uuid": "3dfda532-391d-4b0a-944e-62829651f71e",
      "pos2": [
        23,
        18,
        23
      ],
      "data": " "
    },
    {
      "pos": [
        2,
        4,
        2
      ],
      "name": "Recipe Override5",
      "color": -16711936,
      "type": "RECIPE_OVERRIDE",
      "canProceed": false,
      "isDone": false,
      "completionTime": 0,
      "uuid": "be8fa7c0-6ef7-447e-ac7e-003043fb6cdc",
      "recipeListConfig": [
        {
          "inputs": [
            {
              "slotIndex": 0,
              "itemStacks": [
                {
                  "name": "minecraft:planks",
                  "stackSize": 1
                }
              ]
            },
            {
              "slotIndex": 1,
              "itemStacks": [
                {
                  "name": "minecraft:stick",
                  "stackSize": 1
                }
              ]
            },
            {
              "slotIndex": 2,
              "itemStacks": [
                {
                  "name": "minecraft:planks",
                  "stackSize": 1
                }
              ]
            },
            {
              "slotIndex": 3,
              "itemStacks": [
                {
                  "name": "minecraft:planks",
                  "stackSize": 1
                }
              ]
            },
            {
              "slotIndex": 5,
              "itemStacks": [
                {
                  "name": "minecraft:planks",
                  "stackSize": 1
                }
              ]
            },
            {
              "slotIndex": 7,
              "itemStacks": [
                {
                  "name": "minecraft:planks",
                  "stackSize": 1
                }
              ]
            }
          ],
          "outputs": [
            {
              "slotIndex": 9,
              "itemStack": {
                "name": "polycraft:tree_tap",
                "stackSize": 1
              }
            }
          ],
          "containerType": "CRAFTING_TABLE"
        },
        {
          "inputs": [
            {
              "slotIndex": 0,
              "itemStacks": [
                {
                  "name": "minecraft:stick",
                  "stackSize": 1
                }
              ]
            },
            {
              "slotIndex": 1,
              "itemStacks": [
                {
                  "name": "polycraft:block_of_titanium",
                  "stackSize": 1
                }
              ]
            },
            {
              "slotIndex": 2,
              "itemStacks": [
                {
                  "name": "minecraft:stick",
                  "stackSize": 1
                }
              ]
            },
            {
              "slotIndex": 3,
              "itemStacks": [
                {
                  "name": "minecraft:diamond_block",
                  "stackSize": 1
                }
              ]
            },
            {
              "slotIndex": 4,
              "itemStacks": [
                {
                  "name": "polycraft:block_of_titanium",
                  "stackSize": 1
                }
              ]
            },
            {
              "slotIndex": 5,
              "itemStacks": [
                {
                  "name": "minecraft:diamond_block",
                  "stackSize": 1
                }
              ]
            },
            {
              "slotIndex": 7,
              "itemStacks": [
                {
                  "name": "polycraft:sack_polyisoprene_pellets",
                  "stackSize": 1
                }
              ]
            }
          ],
          "outputs": [
            {
              "slotIndex": 9,
              "itemStack": {
                "name": "polycraft:wooden_pogo_stick",
                "stackSize": 1
              }
            }
          ],
          "containerType": "CRAFTING_TABLE"
        },
        {
          "inputs": [
            {
              "slotIndex": -1,
              "itemStacks": [
                {
                  "name": "minecraft:log",
                  "stackSize": 1
                }
              ]
            }
          ],
          "outputs": [
            {
              "slotIndex": 9,
              "itemStack": {
                "name": "minecraft:planks",
                "stackSize": 4
              }
            }
          ],
          "containerType": "CRAFTING_TABLE"
        },
        {
          "inputs": [
            {
              "slotIndex": 0,
              "itemStacks": [
                {
                  "name": "minecraft:planks",
                  "stackSize": 1
                }
              ]
            },
            {
              "slotIndex": 3,
              "itemStacks": [
                {
                  "name": "minecraft:planks",
                  "stackSize": 1
                }
              ]
            }
          ],
          "outputs": [
            {
              "slotIndex": 9,
              "itemStack": {
                "name": "minecraft:stick",
                "stackSize": 4
              }
            }
          ],
          "containerType": "CRAFTING_TABLE"
        },
        {
          "inputs": [
            {
              "slotIndex": 0,
              "itemStacks": [
                {
                  "name": "minecraft:planks",
                  "stackSize": 1
                }
              ]
            },
            {
              "slotIndex": 1,
              "itemStacks": [
                {
                  "name": "minecraft:planks",
                  "stackSize": 1
                }
              ]
            },
            {
              "slotIndex": 3,
              "itemStacks": [
                {
                  "name": "minecraft:planks",
                  "stackSize": 1
                }
              ]
            },
            {
              "slotIndex": 4,
              "itemStacks": [
                {
                  "name": "minecraft:planks",
                  "stackSize": 1
                }
              ]
            }
          ],
          "outputs": [
            {
              "slotIndex": 9,
              "itemStack": {
                "name": "minecraft:crafting_table",
                "stackSize": 1
              }
            }
          ],
          "containerType": "CRAFTING_TABLE"
        },
        {
          "inputs": [
            {
              "slotIndex": 0,
              "itemStacks": [
                {
                  "name": "minecraft:diamond",
                  "stackSize": 1
                }
              ]
            },
            {
              "slotIndex": 1,
              "itemStacks": [
                {
                  "name": "minecraft:diamond",
                  "stackSize": 1
                }
              ]
            },
            {
              "slotIndex": 2,
              "itemStacks": [
                {
                  "name": "minecraft:diamond",
                  "stackSize": 1
                }
              ]
            },
            {
              "slotIndex": 3,
              "itemStacks": [
                {
                  "name": "minecraft:diamond",
                  "stackSize": 1
                }
              ]
            },
            {
              "slotIndex": 4,
              "itemStacks": [
                {
                  "name": "minecraft:diamond",
                  "stackSize": 1
                }
              ]
            },
            {
              "slotIndex": 5,
              "itemStacks": [
                {
                  "name": "minecraft:diamond",
                  "stackSize": 1
                }
              ]
            },
            {
              "slotIndex": 6,
              "itemStacks": [
                {
                  "name": "minecraft:diamond",
                  "stackSize": 1
                }
              ]
            },
            {
              "slotIndex": 7,
              "itemStacks": [
                {
                  "name": "minecraft:diamond",
                  "stackSize": 1
                }
              ]
            },
            {
              "slotIndex": 8,
              "itemStacks": [
                {
                  "name": "minecraft:diamond",
                  "stackSize": 1
                }
              ]
            }
          ],
          "outputs": [
            {
              "slotIndex": 9,
              "itemStack": {
                "name": "minecraft:diamond_block",
                "stackSize": 1
              }
            }
          ],
          "containerType": "CRAFTING_TABLE"
        },
        {
          "inputs": [
            {
              "slotIndex": 3,
              "itemStacks": [
                {
                  "name": "polycraft:cartridge_propane",
                  "stackSize": 1
                }
              ]
            },
            {
              "slotIndex": 7,
              "itemStacks": [
                {
                  "name": "polycraft:block_of_titanium",
                  "stackSize": 1
                }
              ]
            },
            {
              "slotIndex": 2,
              "itemStacks": [
                {
                  "name": "polycraft:hose_low_pressure",
                  "stackSize": 1
                }
              ]
            },
            {
              "slotIndex": 4,
              "itemStacks": [
                {
                  "name": "polycraft:kevlar_vest",
                  "stackSize": 1
                }
              ]
            },
            {
              "slotIndex": 1,
              "itemStacks": [
                {
                  "name": "polycraft:regulator_medium_pressure",
                  "stackSize": 1
                }
              ]
            },
            {
              "slotIndex": 5,
              "itemStacks": [
                {
                  "name": "polycraft:block_of_titanium",
                  "stackSize": 1
                }
              ]
            },
            {
              "slotIndex": 0,
              "itemStacks": [
                {
                  "name": "polycraft:hose_low_pressure",
                  "stackSize": 1
                }
              ]
            },
            {
              "slotIndex": 6,
              "itemStacks": [
                {
                  "name": "minecraft:log",
                  "stackSize": 1
                }
              ]
            },
            {
              "slotIndex": 8,
              "itemStacks": [
                {
                  "name": "minecraft:log",
                  "stackSize": 1
                }
              ]
            }
          ],
          "outputs": [
            {
              "slotIndex": 9,
              "itemStack": {
                "name": "polycraft:jet_pack_beginner",
                "stackSize": 1
              }
            }
          ],
          "containerType": "CRAFTING_TABLE"
        },
        {
          "inputs": [
            {
              "slotIndex": 3,
              "itemStacks": [
                {
                  "name": "minecraft:nether_star",
                  "stackSize": 1
                }
              ]
            },
            {
              "slotIndex": 7,
              "itemStacks": [
                {
                  "name": "minecraft:nether_star",
                  "stackSize": 1
                }
              ]
            },
            {
              "slotIndex": 2,
              "itemStacks": [
                {
                  "name": "polycraft:block_of_titanium",
                  "stackSize": 1
                }
              ]
            },
            {
              "slotIndex": 4,
              "itemStacks": [
                {
                  "name": "minecraft:redstone_block",
                  "stackSize": 1
                }
              ]
            },
            {
              "slotIndex": 1,
              "itemStacks": [
                {
                  "name": "minecraft:nether_star",
                  "stackSize": 1
                }
              ]
            },
            {
              "slotIndex": 5,
              "itemStacks": [
                {
                  "name": "minecraft:nether_star",
                  "stackSize": 1
                }
              ]
            },
            {
              "slotIndex": 0,
              "itemStacks": [
                {
                  "name": "polycraft:block_of_titanium",
                  "stackSize": 1
                }
              ]
            },
            {
              "slotIndex": 6,
              "itemStacks": [
                {
                  "name": "minecraft:clay",
                  "stackSize": 1
                }
              ]
            },
            {
              "slotIndex": 8,
              "itemStacks": [
                {
                  "name": "minecraft:clay",
                  "stackSize": 1
                }
              ]
            }
          ],
          "outputs": [
            {
              "slotIndex": 9,
              "itemStack": {
                "name": "polycraft:laser",
                "stackSize": 1
              }
            }
          ],
          "containerType": "CRAFTING_TABLE"
        },
        {
          "inputs": [
            {
              "slotIndex": 3,
              "itemStacks": [
                {
                  "name": "polycraft:processor",
                  "stackSize": 1
                }
              ]
            },
            {
              "slotIndex": 7,
              "itemStacks": [
                {
                  "name": "minecraft:glass",
                  "stackSize": 1
                }
              ]
            },
            {
              "slotIndex": 2,
              "itemStacks": [
                {
                  "name": "polycraft:oled_array",
                  "stackSize": 1
                }
              ]
            },
            {
              "slotIndex": 4,
              "itemStacks": [
                {
                  "name": "polycraft:amplifier",
                  "stackSize": 1
                }
              ]
            },
            {
              "slotIndex": 1,
              "itemStacks": [
                {
                  "name": "polycraft:cell_phone_case_san",
                  "stackSize": 1
                }
              ]
            },
            {
              "slotIndex": 5,
              "itemStacks": [
                {
                  "name": "polycraft:block_of_titanium",
                  "stackSize": 1
                }
              ]
            },
            {
              "slotIndex": 0,
              "itemStacks": [
                {
                  "name": "polycraft:low_power_radio",
                  "stackSize": 1
                }
              ]
            },
            {
              "slotIndex": 6,
              "itemStacks": [
                {
                  "name": "minecraft:glass",
                  "stackSize": 1
                }
              ]
            },
            {
              "slotIndex": 8,
              "itemStacks": [
                {
                  "name": "polycraft:block_of_titanium",
                  "stackSize": 1
                }
              ]
            }
          ],
          "outputs": [
            {
              "slotIndex": 9,
              "itemStack": {
                "name": "polycraft:cell_phone",
                "stackSize": 1
              }
            }
          ],
          "containerType": "CRAFTING_TABLE"
        }
      ],
      "perceivedRecipeListConfig": [
        {
          "inputs": [
            {
              "slotIndex": 0,
              "itemStacks": [
                {
                  "name": "minecraft:planks",
                  "stackSize": 1
                }
              ]
            },
            {
              "slotIndex": 1,
              "itemStacks": [
                {
                  "name": "minecraft:stick",
                  "stackSize": 1
                }
              ]
            },
            {
              "slotIndex": 2,
              "itemStacks": [
                {
                  "name": "minecraft:planks",
                  "stackSize": 1
                }
              ]
            },
            {
              "slotIndex": 3,
              "itemStacks": [
                {
                  "name": "minecraft:planks",
                  "stackSize": 1
                }
              ]
            },
            {
              "slotIndex": 5,
              "itemStacks": [
                {
                  "name": "minecraft:planks",
                  "stackSize": 1
                }
              ]
            },
            {
              "slotIndex": 7,
              "itemStacks": [
                {
                  "name": "minecraft:planks",
                  "stackSize": 1
                }
              ]
            }
          ],
          "outputs": [
            {
              "slotIndex": 9,
              "itemStack": {
                "name": "polycraft:tree_tap",
                "stackSize": 1
              }
            }
          ],
          "containerType": "CRAFTING_TABLE"
        },
        {
          "inputs": [
            {
              "slotIndex": -1,
              "itemStacks": [
                {
                  "name": "minecraft:log",
                  "stackSize": 1
                }
              ]
            }
          ],
          "outputs": [
            {
              "slotIndex": 9,
              "itemStack": {
                "name": "minecraft:planks",
                "stackSize": 4
              }
            }
          ],
          "containerType": "CRAFTING_TABLE"
        },
        {
          "inputs": [
            {
              "slotIndex": 0,
              "itemStacks": [
                {
                  "name": "minecraft:planks",
                  "stackSize": 1
                }
              ]
            },
            {
              "slotIndex": 1,
              "itemStacks": [
                {
                  "name": "minecraft:planks",
                  "stackSize": 1
                }
              ]
            },
            {
              "slotIndex": 3,
              "itemStacks": [
                {
                  "name": "minecraft:planks",
                  "stackSize": 1
                }
              ]
            },
            {
              "slotIndex": 4,
              "itemStacks": [
                {
                  "name": "minecraft:planks",
                  "stackSize": 1
                }
              ]
            }
          ],
          "outputs": [
            {
              "slotIndex": 9,
              "itemStack": {
                "name": "minecraft:crafting_table",
                "stackSize": 1
              }
            }
          ],
          "containerType": "CRAFTING_TABLE"
        },
        {
          "inputs": [
            {
              "slotIndex": 0,
              "itemStacks": [
                {
                  "name": "minecraft:planks",
                  "stackSize": 1
                }
              ]
            },
            {
              "slotIndex": 3,
              "itemStacks": [
                {
                  "name": "minecraft:planks",
                  "stackSize": 1
                }
              ]
            }
          ],
          "outputs": [
            {
              "slotIndex": 9,
              "itemStack": {
                "name": "minecraft:stick",
                "stackSize": 4
              }
            }
          ],
          "containerType": "CRAFTING_TABLE"
        },
        {
          "inputs": [
            {
              "slotIndex": 0,
              "itemStacks": [
                {
                  "name": "minecraft:stick",
                  "stackSize": 1
                }
              ]
            },
            {
              "slotIndex": 1,
              "itemStacks": [
                {
                  "name": "polycraft:block_of_titanium",
                  "stackSize": 1
                }
              ]
            },
            {
              "slotIndex": 2,
              "itemStacks": [
                {
                  "name": "minecraft:stick",
                  "stackSize": 1
                }
              ]
            },
            {
              "slotIndex": 3,
              "itemStacks": [
                {
                  "name": "minecraft:diamond_block",
                  "stackSize": 1
                }
              ]
            },
            {
              "slotIndex": 4,
              "itemStacks": [
                {
                  "name": "polycraft:block_of_titanium",
                  "stackSize": 1
                }
              ]
            },
            {
              "slotIndex": 5,
              "itemStacks": [
                {
                  "name": "minecraft:diamond_block",
                  "stackSize": 1
                }
              ]
            },
            {
              "slotIndex": 7,
              "itemStacks": [
                {
                  "name": "polycraft:sack_polyisoprene_pellets",
                  "stackSize": 1
                }
              ]
            }
          ],
          "outputs": [
            {
              "slotIndex": 9,
              "itemStack": {
                "name": "polycraft:wooden_pogo_stick",
                "stackSize": 1
              }
            }
          ],
          "containerType": "CRAFTING_TABLE"
        },
        {
          "inputs": [
            {
              "slotIndex": 0,
              "itemStacks": [
                {
                  "name": "minecraft:diamond",
                  "stackSize": 1
                }
              ]
            },
            {
              "slotIndex": 1,
              "itemStacks": [
                {
                  "name": "minecraft:diamond",
                  "stackSize": 1
                }
              ]
            },
            {
              "slotIndex": 2,
              "itemStacks": [
                {
                  "name": "minecraft:diamond",
                  "stackSize": 1
                }
              ]
            },
            {
              "slotIndex": 3,
              "itemStacks": [
                {
                  "name": "minecraft:diamond",
                  "stackSize": 1
                }
              ]
            },
            {
              "slotIndex": 4,
              "itemStacks": [
                {
                  "name": "minecraft:diamond",
                  "stackSize": 1
                }
              ]
            },
            {
              "slotIndex": 5,
              "itemStacks": [
                {
                  "name": "minecraft:diamond",
                  "stackSize": 1
                }
              ]
            },
            {
              "slotIndex": 6,
              "itemStacks": [
                {
                  "name": "minecraft:diamond",
                  "stackSize": 1
                }
              ]
            },
            {
              "slotIndex": 7,
              "itemStacks": [
                {
                  "name": "minecraft:diamond",
                  "stackSize": 1
                }
              ]
            },
            {
              "slotIndex": 8,
              "itemStacks": [
                {
                  "name": "minecraft:diamond",
                  "stackSize": 1
                }
              ]
            }
          ],
          "outputs": [
            {
              "slotIndex": 9,
              "itemStack": {
                "name": "minecraft:diamond_block",
                "stackSize": 1
              }
            }
          ],
          "containerType": "CRAFTING_TABLE"
        },
        {
          "inputs": [
            {
              "slotIndex": 3,
              "itemStacks": [
                {
                  "name": "polycraft:cartridge_propane",
                  "stackSize": 1
                }
              ]
            },
            {
              "slotIndex": 7,
              "itemStacks": [
                {
                  "name": "polycraft:block_of_titanium",
                  "stackSize": 1
                }
              ]
            },
            {
              "slotIndex": 2,
              "itemStacks": [
                {
                  "name": "polycraft:hose_low_pressure",
                  "stackSize": 1
                }
              ]
            },
            {
              "slotIndex": 4,
              "itemStacks": [
                {
                  "name": "polycraft:kevlar_vest",
                  "stackSize": 1
                }
              ]
            },
            {
              "slotIndex": 1,
              "itemStacks": [
                {
                  "name": "polycraft:regulator_medium_pressure",
                  "stackSize": 1
                }
              ]
            },
            {
              "slotIndex": 5,
              "itemStacks": [
                {
                  "name": "polycraft:block_of_titanium",
                  "stackSize": 1
                }
              ]
            },
            {
              "slotIndex": 0,
              "itemStacks": [
                {
                  "name": "polycraft:hose_low_pressure",
                  "stackSize": 1
                }
              ]
            },
            {
              "slotIndex": 6,
              "itemStacks": [
                {
                  "name": "minecraft:log",
                  "stackSize": 1
                }
              ]
            },
            {
              "slotIndex": 8,
              "itemStacks": [
                {
                  "name": "minecraft:log",
                  "stackSize": 1
                }
              ]
            }
          ],
          "outputs": [
            {
              "slotIndex": 9,
              "itemStack": {
                "name": "polycraft:jet_pack_beginner",
                "stackSize": 1
              }
            }
          ],
          "containerType": "CRAFTING_TABLE"
        },
        {
          "inputs": [
            {
              "slotIndex": 3,
              "itemStacks": [
                {
                  "name": "minecraft:nether_star",
                  "stackSize": 1
                }
              ]
            },
            {
              "slotIndex": 7,
              "itemStacks": [
                {
                  "name": "minecraft:nether_star",
                  "stackSize": 1
                }
              ]
            },
            {
              "slotIndex": 2,
              "itemStacks": [
                {
                  "name": "polycraft:block_of_titanium",
                  "stackSize": 1
                }
              ]
            },
            {
              "slotIndex": 4,
              "itemStacks": [
                {
                  "name": "minecraft:redstone_block",
                  "stackSize": 1
                }
              ]
            },
            {
              "slotIndex": 1,
              "itemStacks": [
                {
                  "name": "minecraft:nether_star",
                  "stackSize": 1
                }
              ]
            },
            {
              "slotIndex": 5,
              "itemStacks": [
                {
                  "name": "minecraft:nether_star",
                  "stackSize": 1
                }
              ]
            },
            {
              "slotIndex": 0,
              "itemStacks": [
                {
                  "name": "polycraft:block_of_titanium",
                  "stackSize": 1
                }
              ]
            },
            {
              "slotIndex": 6,
              "itemStacks": [
                {
                  "name": "minecraft:clay",
                  "stackSize": 1
                }
              ]
            },
            {
              "slotIndex": 8,
              "itemStacks": [
                {
                  "name": "minecraft:clay",
                  "stackSize": 1
                }
              ]
            }
          ],
          "outputs": [
            {
              "slotIndex": 9,
              "itemStack": {
                "name": "polycraft:laser",
                "stackSize": 1
              }
            }
          ],
          "containerType": "CRAFTING_TABLE"
        },
        {
          "inputs": [
            {
              "slotIndex": 3,
              "itemStacks": [
                {
                  "name": "polycraft:processor",
                  "stackSize": 1
                }
              ]
            },
            {
              "slotIndex": 7,
              "itemStacks": [
                {
                  "name": "minecraft:glass",
                  "stackSize": 1
                }
              ]
            },
            {
              "slotIndex": 2,
              "itemStacks": [
                {
                  "name": "polycraft:oled_array",
                  "stackSize": 1
                }
              ]
            },
            {
              "slotIndex": 4,
              "itemStacks": [
                {
                  "name": "polycraft:amplifier",
                  "stackSize": 1
                }
              ]
            },
            {
              "slotIndex": 1,
              "itemStacks": [
                {
                  "name": "polycraft:cell_phone_case_san",
                  "stackSize": 1
                }
              ]
            },
            {
              "slotIndex": 5,
              "itemStacks": [
                {
                  "name": "polycraft:block_of_titanium",
                  "stackSize": 1
                }
              ]
            },
            {
              "slotIndex": 0,
              "itemStacks": [
                {
                  "name": "polycraft:low_power_radio",
                  "stackSize": 1
                }
              ]
            },
            {
              "slotIndex": 6,
              "itemStacks": [
                {
                  "name": "minecraft:glass",
                  "stackSize": 1
                }
              ]
            },
            {
              "slotIndex": 8,
              "itemStacks": [
                {
                  "name": "polycraft:block_of_titanium",
                  "stackSize": 1
                }
              ]
            }
          ],
          "outputs": [
            {
              "slotIndex": 9,
              "itemStack": {
                "name": "polycraft:cell_phone",
                "stackSize": 1
              }
            }
          ],
          "containerType": "CRAFTING_TABLE"
        }
      ]
    },
    {
      "pos": [
        3,
        4,
        6
      ],
      "name": "Add Items 6",
      "color": -256,
      "type": "ADD_ITEMS",
      "canProceed": false,
      "isDone": false,
      "completionTime": 0,
      "uuid": "ed5accd9-c286-47b5-8c99-e5a748bebdbb",
      "itemList": [
        {
          "slot": 1,
          "itemDef": {
            "itemName": "polycraft:amplifier",
            "itemMeta": 0,
            "count": 1
          }
        },
        {
          "slot": 2,
          "itemDef": {
            "itemName": "minecraft:nether_star",
            "itemMeta": 0,
            "count": 4
          }
        },
        {
          "slot": 3,
          "itemDef": {
            "itemName": "polycraft:oled_array",
            "itemMeta": 0,
            "count": 1
          }
        },
        {
          "slot": 68,
          "itemDef": {
            "itemName": "polycraft:expitem",
            "itemMeta": 0,
            "count": 1,
            "nameOverride": "polycraft:glasscutter_2",
            "toolType": "GLASSCUTTER",
            "efficiency": 0.85920554
          }
        },
        {
          "slot": 69,
          "itemDef": {
            "itemName": "polycraft:expitem",
            "itemMeta": 0,
            "count": 1,
            "nameOverride": "polycraft:shovel_14",
            "toolType": "SHOVEL",
            "efficiency": 0.8372378
          }
        },
        {
          "slot": 5,
          "itemDef": {
            "itemName": "polycraft:cell_phone_case_san",
            "itemMeta": 0,
            "count": 2
          }
        },
        {
          "slot": 6,
          "itemDef": {
            "itemName": "polycraft:expitem",
            "itemMeta": 0,
            "count": 1,
            "nameOverride": "polycraft:glasscutter_11",
            "toolType": "GLASSCUTTER",
            "efficiency": 0.73478824
          }
        },
        {
          "slot": 7,
          "itemDef": {
            "itemName": "polycraft:cartridge_propane",
            "itemMeta": 0,
            "count": 2
          }
        },
        {
          "slot": 41,
          "itemDef": {
            "itemName": "polycraft:expitem",
            "itemMeta": 0,
            "count": 1,
            "nameOverride": "polycraft:pickaxe_17",
            "toolType": "PICKAXE",
            "efficiency": 0.36909956
          }
        },
        {
          "slot": 42,
          "itemDef": {
            "itemName": "polycraft:expitem",
            "itemMeta": 0,
            "count": 1,
            "nameOverride": "polycraft:hatchet_7",
            "toolType": "HATCHET",
            "efficiency": 0.16385573
          }
        },
        {
          "slot": 48,
          "itemDef": {
            "itemName": "polycraft:expitem",
            "itemMeta": 0,
            "count": 1,
            "nameOverride": "polycraft:pickaxe_10",
            "toolType": "PICKAXE",
            "efficiency": 0.79486364
          }
        },
        {
          "slot": 18,
          "itemDef": {
            "itemName": "polycraft:regulator_medium_pressure",
            "itemMeta": 0,
            "count": 1
          }
        },
        {
          "slot": 21,
          "itemDef": {
            "itemName": "polycraft:hose_low_pressure",
            "itemMeta": 0,
            "count": 2
          }
        },
        {
          "slot": 22,
          "itemDef": {
            "itemName": "minecraft:redstone_block",
            "itemMeta": 0,
            "count": 1
          }
        },
        {
          "slot": 23,
          "itemDef": {
            "itemName": "polycraft:kevlar_vest",
            "itemMeta": 0,
            "count": 1
          }
        },
        {
          "slot": 59,
          "itemDef": {
            "itemName": "polycraft:expitem",
            "itemMeta": 0,
            "count": 1,
            "nameOverride": "polycraft:shovel_10",
            "toolType": "SHOVEL",
            "efficiency": 0.28560284
          }
        },
        {
          "slot": 27,
          "itemDef": {
            "itemName": "polycraft:processor",
            "itemMeta": 0,
            "count": 1
          }
        },
        {
          "slot": 28,
          "itemDef": {
            "itemName": "polycraft:low_power_radio",
            "itemMeta": 0,
            "count": 1
          }
        },
        {
          "slot": 94,
          "itemDef": {
            "itemName": "polycraft:expitem",
            "itemMeta": 0,
            "count": 1,
            "nameOverride": "polycraft:hatchet_10",
            "toolType": "HATCHET",
            "efficiency": 0.63466716
          }
        }
      ]
    },
    {
      "pos": [
        0,
        4,
        0
      ],
      "name": "Tool Type Lookup",
      "color": -8355712,
      "type": "EFFICIENCY_TYPE_LOOKUP",
      "canProceed": false,
      "isDone": false,
      "completionTime": 0,
      "uuid": "662dba47-574f-4035-bd11-d50b525c42a9",
      "efficiencyLevelLookup": [
        {
          "block": "minecraft:diamond_block",
          "HAMMER": "BAD",
          "SHOVEL": "BAD",
          "SCREWDRIVER": "BAD",
          "HATCHET": "BAD",
          "DRILL": "BAD",
          "GLASSCUTTER": "BAD",
          "PICKAXE": "GOOD"
        },
        {
          "block": "minecraft:stone",
          "HAMMER": "BAD",
          "SHOVEL": "BAD",
          "SCREWDRIVER": "BAD",
          "HATCHET": "BAD",
          "DRILL": "BAD",
          "GLASSCUTTER": "BAD",
          "PICKAXE": "GOOD"
        },
        {
          "block": "polycraft:block_of_copper",
          "HAMMER": "BAD",
          "SHOVEL": "BAD",
          "SCREWDRIVER": "BAD",
          "HATCHET": "BAD",
          "DRILL": "GREAT",
          "GLASSCUTTER": "BAD",
          "PICKAXE": "GOOD"
        },
        {
          "block": "minecraft:clay",
          "HAMMER": "BAD",
          "SHOVEL": "GOOD",
          "SCREWDRIVER": "BAD",
          "HATCHET": "BAD",
          "DRILL": "BAD",
          "GLASSCUTTER": "BAD",
          "PICKAXE": "BAD"
        },
        {
          "block": "minecraft:glass",
          "HAMMER": "BAD",
          "SHOVEL": "BAD",
          "SCREWDRIVER": "BAD",
          "HATCHET": "BAD",
          "DRILL": "BAD",
          "GLASSCUTTER": "GOOD",
          "PICKAXE": "BAD"
        },
        {
          "block": "polycraft:block_of_silicon",
          "HAMMER": "BAD",
          "SHOVEL": "BAD",
          "SCREWDRIVER": "BAD",
          "HATCHET": "BAD",
          "DRILL": "GREAT",
          "GLASSCUTTER": "BAD",
          "PICKAXE": "GOOD"
        },
        {
          "block": "minecraft:log",
          "HAMMER": "BAD",
          "SHOVEL": "BAD",
          "SCREWDRIVER": "BAD",
          "HATCHET": "GOOD",
          "DRILL": "GOOD",
          "GLASSCUTTER": "BAD",
          "PICKAXE": "BAD"
        },
        {
          "block": "polycraft:bauxite",
          "HAMMER": "BAD",
          "SHOVEL": "BAD",
          "SCREWDRIVER": "BAD",
          "HATCHET": "BAD",
          "DRILL": "GREAT",
          "GLASSCUTTER": "BAD",
          "PICKAXE": "GOOD"
        },
        {
          "block": "polycraft:block_of_titanium",
          "HAMMER": "FAIL",
          "SHOVEL": "BAD",
          "SCREWDRIVER": "FAIL",
          "HATCHET": "BAD",
          "DRILL": "BAD",
          "GLASSCUTTER": "BAD",
          "PICKAXE": "GOOD"
        }
      ]
    },
    {
      "pos": [
        0,
        0,
        0
      ],
      "name": "End Condition",
      "color": -256,
      "type": "END",
      "canProceed": true,
      "isDone": false,
      "completionTime": 0,
      "uuid": "1fa83807-ce7c-4358-ba2f-acc0a6a51c04",
      "endCondition": "ITEM",
      "itemToAcquire": "polycraft:laser",
      "blockToPlace": "",
      "locationToReach": [
        0,
        0,
        0
      ],
      "endTime": 0.0,
      "endStepCost": 0.0,
      "isFinished": false,
      "blockName": "minecraft:lapis_block",
      "blockMeta": 0
    },
    {
      "pos": [
        13,
        4,
        34
      ],
      "name": "Guide 2",
      "color": -256,
      "type": "GUIDE",
      "canProceed": false,
      "isDone": false,
      "completionTime": 0,
      "uuid": "336a9f72-f2af-4e6f-ba13-8b7b5756eb35",
      "pos2": [
        13,
        4,
        34
      ]
    }
  ],
  "options": {
    "pos": [
      0,
      2,
      0
    ],
    "pos2": [
      30,
      9,
      30
    ],
    "name": "",
    "numTeams": 2,
    "teamSize": 2,
    "seed": 2023333690,
    "hideGui": false,
    "outputScreen": false,
    "distribution": "Uninformed",
    "maxScore": 215031
  },
  "novelty_config": {
    "seed": 0,
    "templatePath": "../Novelty/input/pogo_v2.json",
    "novelties": [
      {
        "type": "RoomGenTransform",
        "roomGenTransformType": "UPDATE_ROOMS",
        "roomGenOrder": [
          0
        ],
        "roomGenOrderR": [
          1
        ],
        "roomTypes": [
          {
            "xMin": 3,
            "xMax": 3,
            "yMin": 1,
            "yMax": 1,
            "zMin": 3,
            "zMax": 3,
            "blockFloorName": "minecraft:planks",
            "blockCeilName": "minecraft:air",
            "blockWallName": "minecraft:brick_block",
            "blockRefName": "minecraft:grass",
            "canPlayerSpawn": true,
            "tagList": [
              "primary",
              "door"
            ]
          }
        ]
      },
      {
        "blockName": "minecraft:crafting_table",
        "type": "WorldGenTransform",
        "transformType": "BLOCK_LOCATION",
        "countOffset": 0,
        "tagList": [
          "primary"
        ]
      },
      {
        "blockName": "tree",
        "type": "WorldGenTransform",
        "transformType": "BLOCK_LOCATION",
        "countOffset": -5,
        "tagList": [
          "primary"
        ]
      },
      {
        "blockName": "polycraft:block_of_titanium",
        "type": "WorldGenTransform",
        "transformType": "BLOCK_CLUSTER",
        "countOffset": 1,
        "tagList": [
          "primary"
        ]
      },
      {
        "blockName": "minecraft:diamond_block",
        "type": "WorldGenTransform",
        "transformType": "BLOCK_CLUSTER",
        "countOffset": 1,
        "tagList": [
          "primary"
        ]
      },
      {
        "blockName": "minecraft:stone",
        "type": "WorldGenTransform",
        "transformType": "BLOCK_CLUSTER",
        "countOffset": 1,
        "tagList": [
          "primary"
        ]
      },
      {
        "blockName": "polycraft:block_of_silicon",
        "type": "WorldGenTransform",
        "transformType": "BLOCK_CLUSTER",
        "countOffset": 1,
        "tagList": [
          "primary"
        ]
      },
      {
        "blockName": "polycraft:bauxite",
        "type": "WorldGenTransform",
        "transformType": "BLOCK_CLUSTER",
        "countOffset": 1,
        "tagList": [
          "primary"
        ]
      },
      {
        "blockName": "polycraft:block_of_copper",
        "type": "WorldGenTransform",
        "transformType": "BLOCK_CLUSTER",
        "countOffset": 1,
        "tagList": [
          "primary"
        ]
      },
      {
        "blockName": "minecraft:log",
        "type": "WorldGenTransform",
        "transformType": "BLOCK_CLUSTER",
        "countOffset": 1,
        "tagList": [
          "primary"
        ]
      },
      {
        "blockName": "minecraft:clay",
        "type": "WorldGenTransform",
        "transformType": "BLOCK_CLUSTER",
        "countOffset": 1,
        "tagList": [
          "primary"
        ]
      },
      {
        "blockName": "minecraft:glass",
        "type": "WorldGenTransform",
        "transformType": "BLOCK_CLUSTER",
        "countOffset": 1,
        "tagList": [
          "primary"
        ]
      },
      {
        "type": "GenToolsTransform",
        "toolGens": [
          {
            "toolType": "PICKAXE",
            "count": 20,
            "minEff": 0.10,
            "maxEff": 0.90,
            "suffix": "polycraft:pickaxe",
            "toolsPerGame": 2
          },
          {
            "toolType": "SHOVEL",
            "count": 20,
            "minEff": 0.10,
            "maxEff": 0.90,
            "suffix": "polycraft:shovel",
            "toolsPerGame": 2
          },
          {
            "toolType": "HATCHET",
            "count": 20,
            "minEff": 0.10,
            "maxEff": 0.90,
            "suffix": "polycraft:hatchet",
            "toolsPerGame": 2
          },
          {
            "toolType": "GLASSCUTTER",
            "count": 20,
            "minEff": 0.10,
            "maxEff": 0.90,
            "suffix": "polycraft:glasscutter",
            "toolsPerGame": 2
          }
        ],
        "efficiencyLevelLookup": [
          {
            "block": "polycraft:block_of_titanium",
            "PICKAXE": "GOOD",
            "SHOVEL": "BAD",
            "HATCHET": "BAD",
            "SCREWDRIVER": "FAIL",
            "HAMMER": "FAIL",
            "DRILL": "BAD",
            "GLASSCUTTER": "BAD"
          },
          {
            "block": "minecraft:diamond_block",
            "PICKAXE": "GOOD",
            "SHOVEL": "BAD",
            "HATCHET": "BAD",
            "SCREWDRIVER": "BAD",
            "HAMMER": "BAD",
            "DRILL": "BAD",
            "GLASSCUTTER": "BAD"
          },
          {
            "block": "minecraft:stone",
            "PICKAXE": "GOOD",
            "SHOVEL": "BAD",
            "HATCHET": "BAD",
            "SCREWDRIVER": "BAD",
            "HAMMER": "BAD",
            "DRILL": "BAD",
            "GLASSCUTTER": "BAD"
          },
          {
            "block": "polycraft:block_of_silicon",
            "PICKAXE": "GOOD",
            "SHOVEL": "BAD",
            "HATCHET": "BAD",
            "SCREWDRIVER": "BAD",
            "HAMMER": "BAD",
            "DRILL": "GREAT",
            "GLASSCUTTER": "BAD"
          },
          {
            "block": "polycraft:bauxite",
            "PICKAXE": "GOOD",
            "SHOVEL": "BAD",
            "HATCHET": "BAD",
            "SCREWDRIVER": "BAD",
            "HAMMER": "BAD",
            "DRILL": "GREAT",
            "GLASSCUTTER": "BAD"
          },
          {
            "block": "polycraft:block_of_copper",
            "PICKAXE": "GOOD",
            "SHOVEL": "BAD",
            "HATCHET": "BAD",
            "SCREWDRIVER": "BAD",
            "HAMMER": "BAD",
            "DRILL": "GREAT",
            "GLASSCUTTER": "BAD"
          },
          {
            "block": "minecraft:log",
            "PICKAXE": "BAD",
            "SHOVEL": "BAD",
            "HATCHET": "GOOD",
            "SCREWDRIVER": "BAD",
            "HAMMER": "BAD",
            "DRILL": "GOOD",
            "GLASSCUTTER": "BAD"
          },
          {
            "block": "minecraft:clay",
            "PICKAXE": "BAD",
            "SHOVEL": "GOOD",
            "HATCHET": "BAD",
            "SCREWDRIVER": "BAD",
            "HAMMER": "BAD",
            "DRILL": "BAD",
            "GLASSCUTTER": "BAD"
          },
          {
            "block": "minecraft:glass",
            "PICKAXE": "BAD",
            "SHOVEL": "BAD",
            "HATCHET": "BAD",
            "SCREWDRIVER": "BAD",
            "HAMMER": "BAD",
            "DRILL": "BAD",
            "GLASSCUTTER": "GOOD"
          }
        ]
      },
      {
        "type": "GoalTransform",
        "goalRepeatCount": 20,
        "transformType": "SEQUENTIAL",
        "overrideGoalConfig": [
          {
            "goalType": "ITEM",
            "itemToAcquire": "polycraft:jet_pack_beginner"
          },
          {
            "goalType": "ITEM",
            "itemToAcquire": "polycraft:laser"
          },
          {
            "goalType": "ITEM",
            "itemToAcquire": "polycraft:cell_phone"
          }
        ]
      },
      {
        "type": "RecipeTransform",
        "transformType": "ADD_FW2_RECIPES_SIMPLE"
      }
    ],
    "seedOverride": 2023333690,
    "generatedTimeStamp": "2022-11-15 11:34:24.61"
  }
}