{
  "variants": {
    "color=black": { "model": "polycraft:abs_brick_1_x_8_black" },
    "color=red": { "model": "polycraft:abs_brick_1_x_8_red" },
    "color=green": { "model": "polycraft:abs_brick_1_x_8_green" },
    "color=brown": { "model": "polycraft:abs_brick_1_x_8_brown" },
    "color=blue": { "model": "polycraft:abs_brick_1_x_8_blue" },
    "color=purple": { "model": "polycraft:abs_brick_1_x_8_purple" },
    "color=cyan": { "model": "polycraft:abs_brick_1_x_8_cyan" },
    "color=silver": { "model": "polycraft:abs_brick_1_x_8_silver" },
    "color=gray": { "model": "polycraft:abs_brick_1_x_8_gray" },
    "color=pink": { "model": "polycraft:abs_brick_1_x_8_pink" },
    "color=lime": { "model": "polycraft:abs_brick_1_x_8_lime" },
    "color=yellow": { "model": "polycraft:abs_brick_1_x_8_yellow" },
    "color=light_blue": { "model": "polycraft:abs_brick_1_x_8_light_blue" },
    "color=magenta": { "model": "polycraft:abs_brick_1_x_8_magenta" },
    "color=orange": { "model": "polycraft:abs_brick_1_x_8_orange" },
    "color=white": { "model": "polycraft:abs_brick_1_x_8_white" }
  }
}