{
  "variants": {
    "color=black": { "model": "polycraft:abs_brick_2_x_4_black" },
    "color=red": { "model": "polycraft:abs_brick_2_x_4_red" },
    "color=green": { "model": "polycraft:abs_brick_2_x_4_green" },
    "color=brown": { "model": "polycraft:abs_brick_2_x_4_brown" },
    "color=blue": { "model": "polycraft:abs_brick_2_x_4_blue" },
    "color=purple": { "model": "polycraft:abs_brick_2_x_4_purple" },
    "color=cyan": { "model": "polycraft:abs_brick_2_x_4_cyan" },
    "color=silver": { "model": "polycraft:abs_brick_2_x_4_silver" },
    "color=gray": { "model": "polycraft:abs_brick_2_x_4_gray" },
    "color=pink": { "model": "polycraft:abs_brick_2_x_4_pink" },
    "color=lime": { "model": "polycraft:abs_brick_2_x_4_lime" },
    "color=yellow": { "model": "polycraft:abs_brick_2_x_4_yellow" },
    "color=light_blue": { "model": "polycraft:abs_brick_2_x_4_light_blue" },
    "color=magenta": { "model": "polycraft:abs_brick_2_x_4_magenta" },
    "color=orange": { "model": "polycraft:abs_brick_2_x_4_orange" },
    "color=white": { "model": "polycraft:abs_brick_2_x_4_white" }
  }
}