{
  "features": [
    {
      "pos": [
        11,
        17,
        19
      ],
      "name": "Start 0",
      "color": -16711681,
      "type": "START",
      "canProceed": false,
      "isDone": false,
      "completionTime": 0,
      "uuid": "8977498a-f001-4cee-bd14-2e5855574d83",
      "pos2": [
        27,
        4,
        27
      ],
      "lookDir": [
        0,
        90,
        0
      ],
      "dim": 0,
      "spawnedInServer": false,
      "spawnedInClient": false,
      "spawnRand": false
    },
    {
      "pos": [
        0,
        16,
        0
      ],
      "name": "Room_0",
      "color": -16711936,
      "type": "ROOM",
      "canProceed": false,
      "isDone": false,
      "completionTime": 0,
      "uuid": "b3107dac-86ec-4efc-9e15-5d65f3759af7",
      "pos2": [
        23,
        23,
        23
      ],
      "blockFloorMeta": 0,
      "blockFloorName": "minecraft:planks",
      "blockWallMeta": 0,
      "blockWallName": "minecraft:brick_block",
      "blockWallMetaTwo": 0,
      "blockCeilMeta": 0,
      "blockCeilName": "minecraft:air",
      "blockRefMeta": 0,
      "blockRefName": "minecraft:grass",
      "spawnRefBlocks": false,
      "recycleRefSeed": true,
      "isChunkBased": true,
      "refSeed": 1414483414,
      "refSpawnChance": 0.0,
      "intensity": 286,
      "useRandomMeta": false,
      "wallTexture": "T3",
      "wallColor": "T0",
      "floorTexture": "T4",
      "floorColor": "T0",
      "chunks": [
        {
          "pos": [
            2,
            2,
            0
          ],
          "wallConfiguration": [
            {
              "face": "west",
              "config": {
                "type": "INTERNAL",
                "wallConfiguration": [],
                "defaultPath": {
                  "type": "BLUEPRINT",
                  "reversed": false,
                  "buttonLocation": "NONE",
                  "pressurePlaceLocation": "NONE",
                  "keyMetas": []
                }
              }
            },
            {
              "face": "south",
              "config": {
                "type": "INTERNAL",
                "wallConfiguration": [],
                "defaultPath": {
                  "type": "BLUEPRINT",
                  "reversed": false,
                  "buttonLocation": "NONE",
                  "pressurePlaceLocation": "NONE",
                  "keyMetas": []
                }
              }
            },
            {
              "face": "north",
              "config": {
                "type": "EXTERNAL",
                "wallConfiguration": [],
                "defaultPath": {
                  "type": "BLUEPRINT",
                  "reversed": false,
                  "buttonLocation": "NONE",
                  "pressurePlaceLocation": "NONE",
                  "keyMetas": []
                }
              }
            },
            {
              "face": "east",
              "config": {
                "type": "EXTERNAL",
                "wallConfiguration": [],
                "defaultPath": {
                  "type": "BLUEPRINT",
                  "reversed": false,
                  "buttonLocation": "NONE",
                  "pressurePlaceLocation": "NONE",
                  "keyMetas": []
                }
              }
            }
          ],
          "roomID": 0
        },
        {
          "pos": [
            1,
            2,
            1
          ],
          "wallConfiguration": [
            {
              "face": "west",
              "config": {
                "type": "INTERNAL",
                "wallConfiguration": [],
                "defaultPath": {
                  "type": "BLUEPRINT",
                  "reversed": false,
                  "buttonLocation": "NONE",
                  "pressurePlaceLocation": "NONE",
                  "keyMetas": []
                }
              }
            },
            {
              "face": "south",
              "config": {
                "type": "INTERNAL",
                "wallConfiguration": [],
                "defaultPath": {
                  "type": "BLUEPRINT",
                  "reversed": false,
                  "buttonLocation": "NONE",
                  "pressurePlaceLocation": "NONE",
                  "keyMetas": []
                }
              }
            },
            {
              "face": "north",
              "config": {
                "type": "INTERNAL",
                "wallConfiguration": [],
                "defaultPath": {
                  "type": "BLUEPRINT",
                  "reversed": false,
                  "buttonLocation": "NONE",
                  "pressurePlaceLocation": "NONE",
                  "keyMetas": []
                }
              }
            },
            {
              "face": "east",
              "config": {
                "type": "INTERNAL",
                "wallConfiguration": [],
                "defaultPath": {
                  "type": "BLUEPRINT",
                  "reversed": false,
                  "buttonLocation": "NONE",
                  "pressurePlaceLocation": "NONE",
                  "keyMetas": []
                }
              }
            }
          ],
          "roomID": 0
        },
        {
          "pos": [
            0,
            2,
            2
          ],
          "wallConfiguration": [
            {
              "face": "west",
              "config": {
                "type": "EXTERNAL",
                "wallConfiguration": [],
                "defaultPath": {
                  "type": "BLUEPRINT",
                  "reversed": false,
                  "buttonLocation": "NONE",
                  "pressurePlaceLocation": "NONE",
                  "keyMetas": []
                }
              }
            },
            {
              "face": "south",
              "config": {
                "type": "EXTERNAL",
                "wallConfiguration": [],
                "defaultPath": {
                  "type": "BLUEPRINT",
                  "reversed": false,
                  "buttonLocation": "NONE",
                  "pressurePlaceLocation": "NONE",
                  "keyMetas": []
                }
              }
            },
            {
              "face": "north",
              "config": {
                "type": "INTERNAL",
                "wallConfiguration": [],
                "defaultPath": {
                  "type": "BLUEPRINT",
                  "reversed": false,
                  "buttonLocation": "NONE",
                  "pressurePlaceLocation": "NONE",
                  "keyMetas": []
                }
              }
            },
            {
              "face": "east",
              "config": {
                "type": "INTERNAL",
                "wallConfiguration": [],
                "defaultPath": {
                  "type": "BLUEPRINT",
                  "reversed": false,
                  "buttonLocation": "NONE",
                  "pressurePlaceLocation": "NONE",
                  "keyMetas": []
                }
              }
            }
          ],
          "roomID": 0
        },
        {
          "pos": [
            2,
            2,
            1
          ],
          "wallConfiguration": [
            {
              "face": "west",
              "config": {
                "type": "INTERNAL",
                "wallConfiguration": [],
                "defaultPath": {
                  "type": "BLUEPRINT",
                  "reversed": false,
                  "buttonLocation": "NONE",
                  "pressurePlaceLocation": "NONE",
                  "keyMetas": []
                }
              }
            },
            {
              "face": "south",
              "config": {
                "type": "INTERNAL",
                "wallConfiguration": [],
                "defaultPath": {
                  "type": "BLUEPRINT",
                  "reversed": false,
                  "buttonLocation": "NONE",
                  "pressurePlaceLocation": "NONE",
                  "keyMetas": []
                }
              }
            },
            {
              "face": "north",
              "config": {
                "type": "INTERNAL",
                "wallConfiguration": [],
                "defaultPath": {
                  "type": "BLUEPRINT",
                  "reversed": false,
                  "buttonLocation": "NONE",
                  "pressurePlaceLocation": "NONE",
                  "keyMetas": []
                }
              }
            },
            {
              "face": "east",
              "config": {
                "type": "EXTERNAL",
                "wallConfiguration": [],
                "defaultPath": {
                  "type": "BLUEPRINT",
                  "reversed": false,
                  "buttonLocation": "NONE",
                  "pressurePlaceLocation": "NONE",
                  "keyMetas": []
                }
              }
            }
          ],
          "roomID": 0
        },
        {
          "pos": [
            1,
            2,
            2
          ],
          "wallConfiguration": [
            {
              "face": "west",
              "config": {
                "type": "INTERNAL",
                "wallConfiguration": [],
                "defaultPath": {
                  "type": "BLUEPRINT",
                  "reversed": false,
                  "buttonLocation": "NONE",
                  "pressurePlaceLocation": "NONE",
                  "keyMetas": []
                }
              }
            },
            {
              "face": "south",
              "config": {
                "type": "EXTERNAL",
                "wallConfiguration": [],
                "defaultPath": {
                  "type": "BLUEPRINT",
                  "reversed": false,
                  "buttonLocation": "NONE",
                  "pressurePlaceLocation": "NONE",
                  "keyMetas": []
                }
              }
            },
            {
              "face": "north",
              "config": {
                "type": "INTERNAL",
                "wallConfiguration": [],
                "defaultPath": {
                  "type": "BLUEPRINT",
                  "reversed": false,
                  "buttonLocation": "NONE",
                  "pressurePlaceLocation": "NONE",
                  "keyMetas": []
                }
              }
            },
            {
              "face": "east",
              "config": {
                "type": "INTERNAL",
                "wallConfiguration": [],
                "defaultPath": {
                  "type": "BLUEPRINT",
                  "reversed": false,
                  "buttonLocation": "NONE",
                  "pressurePlaceLocation": "NONE",
                  "keyMetas": []
                }
              }
            }
          ],
          "roomID": 0
        },
        {
          "pos": [
            2,
            2,
            2
          ],
          "wallConfiguration": [
            {
              "face": "west",
              "config": {
                "type": "INTERNAL",
                "wallConfiguration": [],
                "defaultPath": {
                  "type": "BLUEPRINT",
                  "reversed": false,
                  "buttonLocation": "NONE",
                  "pressurePlaceLocation": "NONE",
                  "keyMetas": []
                }
              }
            },
            {
              "face": "south",
              "config": {
                "type": "EXTERNAL",
                "wallConfiguration": [],
                "defaultPath": {
                  "type": "BLUEPRINT",
                  "reversed": false,
                  "buttonLocation": "NONE",
                  "pressurePlaceLocation": "NONE",
                  "keyMetas": []
                }
              }
            },
            {
              "face": "north",
              "config": {
                "type": "INTERNAL",
                "wallConfiguration": [],
                "defaultPath": {
                  "type": "BLUEPRINT",
                  "reversed": false,
                  "buttonLocation": "NONE",
                  "pressurePlaceLocation": "NONE",
                  "keyMetas": []
                }
              }
            },
            {
              "face": "east",
              "config": {
                "type": "EXTERNAL",
                "wallConfiguration": [],
                "defaultPath": {
                  "type": "BLUEPRINT",
                  "reversed": false,
                  "buttonLocation": "NONE",
                  "pressurePlaceLocation": "NONE",
                  "keyMetas": []
                }
              }
            }
          ],
          "roomID": 0
        },
        {
          "pos": [
            0,
            2,
            0
          ],
          "wallConfiguration": [
            {
              "face": "west",
              "config": {
                "type": "EXTERNAL",
                "wallConfiguration": [],
                "defaultPath": {
                  "type": "BLUEPRINT",
                  "reversed": false,
                  "buttonLocation": "NONE",
                  "pressurePlaceLocation": "NONE",
                  "keyMetas": []
                }
              }
            },
            {
              "face": "south",
              "config": {
                "type": "INTERNAL",
                "wallConfiguration": [],
                "defaultPath": {
                  "type": "BLUEPRINT",
                  "reversed": false,
                  "buttonLocation": "NONE",
                  "pressurePlaceLocation": "NONE",
                  "keyMetas": []
                }
              }
            },
            {
              "face": "north",
              "config": {
                "type": "EXTERNAL",
                "wallConfiguration": [],
                "defaultPath": {
                  "type": "BLUEPRINT",
                  "reversed": false,
                  "buttonLocation": "NONE",
                  "pressurePlaceLocation": "NONE",
                  "keyMetas": []
                }
              }
            },
            {
              "face": "east",
              "config": {
                "type": "INTERNAL",
                "wallConfiguration": [],
                "defaultPath": {
                  "type": "BLUEPRINT",
                  "reversed": false,
                  "buttonLocation": "NONE",
                  "pressurePlaceLocation": "NONE",
                  "keyMetas": []
                }
              }
            }
          ],
          "roomID": 0
        },
        {
          "pos": [
            1,
            2,
            0
          ],
          "wallConfiguration": [
            {
              "face": "west",
              "config": {
                "type": "INTERNAL",
                "wallConfiguration": [],
                "defaultPath": {
                  "type": "BLUEPRINT",
                  "reversed": false,
                  "buttonLocation": "NONE",
                  "pressurePlaceLocation": "NONE",
                  "keyMetas": []
                }
              }
            },
            {
              "face": "south",
              "config": {
                "type": "INTERNAL",
                "wallConfiguration": [],
                "defaultPath": {
                  "type": "BLUEPRINT",
                  "reversed": false,
                  "buttonLocation": "NONE",
                  "pressurePlaceLocation": "NONE",
                  "keyMetas": []
                }
              }
            },
            {
              "face": "north",
              "config": {
                "type": "EXTERNAL",
                "wallConfiguration": [],
                "defaultPath": {
                  "type": "BLUEPRINT",
                  "reversed": false,
                  "buttonLocation": "NONE",
                  "pressurePlaceLocation": "NONE",
                  "keyMetas": []
                }
              }
            },
            {
              "face": "east",
              "config": {
                "type": "INTERNAL",
                "wallConfiguration": [],
                "defaultPath": {
                  "type": "BLUEPRINT",
                  "reversed": false,
                  "buttonLocation": "NONE",
                  "pressurePlaceLocation": "NONE",
                  "keyMetas": []
                }
              }
            }
          ],
          "roomID": 0
        },
        {
          "pos": [
            0,
            2,
            1
          ],
          "wallConfiguration": [
            {
              "face": "west",
              "config": {
                "type": "EXTERNAL",
                "wallConfiguration": [],
                "defaultPath": {
                  "type": "BLUEPRINT",
                  "reversed": false,
                  "buttonLocation": "NONE",
                  "pressurePlaceLocation": "NONE",
                  "keyMetas": []
                }
              }
            },
            {
              "face": "south",
              "config": {
                "type": "INTERNAL",
                "wallConfiguration": [],
                "defaultPath": {
                  "type": "BLUEPRINT",
                  "reversed": false,
                  "buttonLocation": "NONE",
                  "pressurePlaceLocation": "NONE",
                  "keyMetas": []
                }
              }
            },
            {
              "face": "north",
              "config": {
                "type": "INTERNAL",
                "wallConfiguration": [],
                "defaultPath": {
                  "type": "BLUEPRINT",
                  "reversed": false,
                  "buttonLocation": "NONE",
                  "pressurePlaceLocation": "NONE",
                  "keyMetas": []
                }
              }
            },
            {
              "face": "east",
              "config": {
                "type": "INTERNAL",
                "wallConfiguration": [],
                "defaultPath": {
                  "type": "BLUEPRINT",
                  "reversed": false,
                  "buttonLocation": "NONE",
                  "pressurePlaceLocation": "NONE",
                  "keyMetas": []
                }
              }
            }
          ],
          "roomID": 0
        }
      ],
      "tagList": [
        "primary",
        "door"
      ],
      "canPlayerSpawn": true,
      "doors": []
    },
    {
      "pos": [
        0,
        0,
        0
      ],
      "name": "SeedSpawn_1",
      "color": -256,
      "type": "SEED_SPAWN",
      "canProceed": false,
      "isDone": false,
      "completionTime": 0,
      "uuid": "551cae3f-a91e-4439-bc52-8f5f4218bdbb",
      "stepCount": 0
    },
    {
      "pos": [
        1,
        4,
        1
      ],
      "name": "World Builder 1",
      "color": -16711936,
      "type": "WORLDGEN",
      "canProceed": false,
      "isDone": false,
      "completionTime": 0,
      "uuid": "d9ee3e15-b36a-401f-8014-f8777003c040",
      "pos2": [
        30,
        4,
        30
      ],
      "count": 0,
      "genType": "BLOCK_LIST",
      "blockList": [
        {
          "blockPos": [
            3,
            17,
            2
          ],
          "blockDef": {
            "blockName": "polycraft:block_of_titanium",
            "blockMeta": 0
          }
        },
        {
          "blockPos": [
            3,
            17,
            3
          ],
          "blockDef": {
            "blockName": "polycraft:block_of_titanium",
            "blockMeta": 0
          }
        },
        {
          "blockPos": [
            4,
            17,
            2
          ],
          "blockDef": {
            "blockName": "polycraft:block_of_titanium",
            "blockMeta": 0
          }
        },
        {
          "blockPos": [
            6,
            17,
            5
          ],
          "blockDef": {
            "blockName": "polycraft:block_of_silicon",
            "blockMeta": 0
          }
        },
        {
          "blockPos": [
            5,
            17,
            7
          ],
          "blockDef": {
            "blockName": "minecraft:crafting_table",
            "blockMeta": 0
          }
        },
        {
          "blockPos": [
            7,
            17,
            5
          ],
          "blockDef": {
            "blockName": "polycraft:block_of_silicon",
            "blockMeta": 0
          }
        },
        {
          "blockPos": [
            6,
            17,
            6
          ],
          "blockDef": {
            "blockName": "polycraft:block_of_silicon",
            "blockMeta": 0
          }
        },
        {
          "blockPos": [
            11,
            17,
            4
          ],
          "blockDef": {
            "blockName": "minecraft:stone",
            "blockMeta": 0
          }
        },
        {
          "blockPos": [
            12,
            17,
            4
          ],
          "blockDef": {
            "blockName": "minecraft:stone",
            "blockMeta": 0
          }
        },
        {
          "blockPos": [
            11,
            17,
            10
          ],
          "blockDef": {
            "blockName": "minecraft:clay",
            "blockMeta": 0
          }
        },
        {
          "blockPos": [
            12,
            17,
            10
          ],
          "blockDef": {
            "blockName": "minecraft:clay",
            "blockMeta": 0
          }
        },
        {
          "blockPos": [
            11,
            17,
            11
          ],
          "blockDef": {
            "blockName": "minecraft:clay",
            "blockMeta": 0
          }
        },
        {
          "blockPos": [
            3,
            17,
            20
          ],
          "blockDef": {
            "blockName": "minecraft:diamond_block",
            "blockMeta": 0
          }
        },
        {
          "blockPos": [
            12,
            17,
            11
          ],
          "blockDef": {
            "blockName": "minecraft:clay",
            "blockMeta": 0
          }
        },
        {
          "blockPos": [
            4,
            17,
            20
          ],
          "blockDef": {
            "blockName": "minecraft:diamond_block",
            "blockMeta": 0
          }
        },
        {
          "blockPos": [
            10,
            17,
            14
          ],
          "blockDef": {
            "blockName": "polycraft:block_of_copper",
            "blockMeta": 0
          }
        },
        {
          "blockPos": [
            6,
            17,
            18
          ],
          "blockDef": {
            "blockName": "minecraft:glass",
            "blockMeta": 0
          }
        },
        {
          "blockPos": [
            11,
            17,
            14
          ],
          "blockDef": {
            "blockName": "polycraft:block_of_copper",
            "blockMeta": 0
          }
        },
        {
          "blockPos": [
            10,
            17,
            15
          ],
          "blockDef": {
            "blockName": "polycraft:block_of_copper",
            "blockMeta": 0
          }
        },
        {
          "blockPos": [
            7,
            17,
            18
          ],
          "blockDef": {
            "blockName": "minecraft:glass",
            "blockMeta": 0
          }
        },
        {
          "blockPos": [
            20,
            17,
            14
          ],
          "blockDef": {
            "blockName": "polycraft:bauxite",
            "blockMeta": 0
          }
        },
        {
          "blockPos": [
            21,
            17,
            14
          ],
          "blockDef": {
            "blockName": "polycraft:bauxite",
            "blockMeta": 0
          }
        },
        {
          "blockPos": [
            20,
            17,
            15
          ],
          "blockDef": {
            "blockName": "polycraft:bauxite",
            "blockMeta": 0
          }
        },
        {
          "blockPos": [
            21,
            17,
            15
          ],
          "blockDef": {
            "blockName": "polycraft:bauxite",
            "blockMeta": 0
          }
        },
        {
          "blockPos": [
            19,
            17,
            18
          ],
          "blockDef": {
            "blockName": "minecraft:log",
            "blockMeta": 0
          }
        },
        {
          "blockPos": [
            20,
            17,
            18
          ],
          "blockDef": {
            "blockName": "minecraft:log",
            "blockMeta": 0
          }
        },
        {
          "blockPos": [
            20,
            17,
            19
          ],
          "blockDef": {
            "blockName": "minecraft:log",
            "blockMeta": 0
          }
        }
      ]
    },
    {
      "pos": [
        0,
        17,
        0
      ],
      "name": "map",
      "color": -256,
      "type": "DATA",
      "canProceed": true,
      "isDone": false,
      "completionTime": 0,
      "uuid": "055aa6fe-cd55-420b-af02-3d848df3ead9",
      "pos2": [
        23,
        18,
        23
      ],
      "data": " "
    },
    {
      "pos": [
        2,
        4,
        2
      ],
      "name": "Recipe Override5",
      "color": -16711936,
      "type": "RECIPE_OVERRIDE",
      "canProceed": false,
      "isDone": false,
      "completionTime": 0,
      "uuid": "38cb6d09-e2cb-47a5-8eea-88c0e9d4b558",
      "recipeListConfig": [
        {
          "inputs": [
            {
              "slotIndex": 0,
              "itemStacks": [
                {
                  "name": "minecraft:planks",
                  "stackSize": 1
                }
              ]
            },
            {
              "slotIndex": 1,
              "itemStacks": [
                {
                  "name": "minecraft:stick",
                  "stackSize": 1
                }
              ]
            },
            {
              "slotIndex": 2,
              "itemStacks": [
                {
                  "name": "minecraft:planks",
                  "stackSize": 1
                }
              ]
            },
            {
              "slotIndex": 3,
              "itemStacks": [
                {
                  "name": "minecraft:planks",
                  "stackSize": 1
                }
              ]
            },
            {
              "slotIndex": 5,
              "itemStacks": [
                {
                  "name": "minecraft:planks",
                  "stackSize": 1
                }
              ]
            },
            {
              "slotIndex": 7,
              "itemStacks": [
                {
                  "name": "minecraft:planks",
                  "stackSize": 1
                }
              ]
            }
          ],
          "outputs": [
            {
              "slotIndex": 9,
              "itemStack": {
                "name": "polycraft:tree_tap",
                "stackSize": 1
              }
            }
          ],
          "containerType": "CRAFTING_TABLE"
        },
        {
          "inputs": [
            {
              "slotIndex": 0,
              "itemStacks": [
                {
                  "name": "minecraft:stick",
                  "stackSize": 1
                }
              ]
            },
            {
              "slotIndex": 1,
              "itemStacks": [
                {
                  "name": "polycraft:block_of_titanium",
                  "stackSize": 1
                }
              ]
            },
            {
              "slotIndex": 2,
              "itemStacks": [
                {
                  "name": "minecraft:stick",
                  "stackSize": 1
                }
              ]
            },
            {
              "slotIndex": 3,
              "itemStacks": [
                {
                  "name": "minecraft:diamond_block",
                  "stackSize": 1
                }
              ]
            },
            {
              "slotIndex": 4,
              "itemStacks": [
                {
                  "name": "polycraft:block_of_titanium",
                  "stackSize": 1
                }
              ]
            },
            {
              "slotIndex": 5,
              "itemStacks": [
                {
                  "name": "minecraft:diamond_block",
                  "stackSize": 1
                }
              ]
            },
            {
              "slotIndex": 7,
              "itemStacks": [
                {
                  "name": "polycraft:sack_polyisoprene_pellets",
                  "stackSize": 1
                }
              ]
            }
          ],
          "outputs": [
            {
              "slotIndex": 9,
              "itemStack": {
                "name": "polycraft:wooden_pogo_stick",
                "stackSize": 1
              }
            }
          ],
          "containerType": "CRAFTING_TABLE"
        },
        {
          "inputs": [
            {
              "slotIndex": -1,
              "itemStacks": [
                {
                  "name": "minecraft:log",
                  "stackSize": 1
                }
              ]
            }
          ],
          "outputs": [
            {
              "slotIndex": 9,
              "itemStack": {
                "name": "minecraft:planks",
                "stackSize": 4
              }
            }
          ],
          "containerType": "CRAFTING_TABLE"
        },
        {
          "inputs": [
            {
              "slotIndex": 0,
              "itemStacks": [
                {
                  "name": "minecraft:planks",
                  "stackSize": 1
                }
              ]
            },
            {
              "slotIndex": 3,
              "itemStacks": [
                {
                  "name": "minecraft:planks",
                  "stackSize": 1
                }
              ]
            }
          ],
          "outputs": [
            {
              "slotIndex": 9,
              "itemStack": {
                "name": "minecraft:stick",
                "stackSize": 4
              }
            }
          ],
          "containerType": "CRAFTING_TABLE"
        },
        {
          "inputs": [
            {
              "slotIndex": 0,
              "itemStacks": [
                {
                  "name": "minecraft:planks",
                  "stackSize": 1
                }
              ]
            },
            {
              "slotIndex": 1,
              "itemStacks": [
                {
                  "name": "minecraft:planks",
                  "stackSize": 1
                }
              ]
            },
            {
              "slotIndex": 3,
              "itemStacks": [
                {
                  "name": "minecraft:planks",
                  "stackSize": 1
                }
              ]
            },
            {
              "slotIndex": 4,
              "itemStacks": [
                {
                  "name": "minecraft:planks",
                  "stackSize": 1
                }
              ]
            }
          ],
          "outputs": [
            {
              "slotIndex": 9,
              "itemStack": {
                "name": "minecraft:crafting_table",
                "stackSize": 1
              }
            }
          ],
          "containerType": "CRAFTING_TABLE"
        },
        {
          "inputs": [
            {
              "slotIndex": 0,
              "itemStacks": [
                {
                  "name": "minecraft:diamond",
                  "stackSize": 1
                }
              ]
            },
            {
              "slotIndex": 1,
              "itemStacks": [
                {
                  "name": "minecraft:diamond",
                  "stackSize": 1
                }
              ]
            },
            {
              "slotIndex": 2,
              "itemStacks": [
                {
                  "name": "minecraft:diamond",
                  "stackSize": 1
                }
              ]
            },
            {
              "slotIndex": 3,
              "itemStacks": [
                {
                  "name": "minecraft:diamond",
                  "stackSize": 1
                }
              ]
            },
            {
              "slotIndex": 4,
              "itemStacks": [
                {
                  "name": "minecraft:diamond",
                  "stackSize": 1
                }
              ]
            },
            {
              "slotIndex": 5,
              "itemStacks": [
                {
                  "name": "minecraft:diamond",
                  "stackSize": 1
                }
              ]
            },
            {
              "slotIndex": 6,
              "itemStacks": [
                {
                  "name": "minecraft:diamond",
                  "stackSize": 1
                }
              ]
            },
            {
              "slotIndex": 7,
              "itemStacks": [
                {
                  "name": "minecraft:diamond",
                  "stackSize": 1
                }
              ]
            },
            {
              "slotIndex": 8,
              "itemStacks": [
                {
                  "name": "minecraft:diamond",
                  "stackSize": 1
                }
              ]
            }
          ],
          "outputs": [
            {
              "slotIndex": 9,
              "itemStack": {
                "name": "minecraft:diamond_block",
                "stackSize": 1
              }
            }
          ],
          "containerType": "CRAFTING_TABLE"
        },
        {
          "inputs": [
            {
              "slotIndex": 3,
              "itemStacks": [
                {
                  "name": "polycraft:cartridge_propane",
                  "stackSize": 1
                }
              ]
            },
            {
              "slotIndex": 7,
              "itemStacks": [
                {
                  "name": "polycraft:block_of_titanium",
                  "stackSize": 1
                }
              ]
            },
            {
              "slotIndex": 4,
              "itemStacks": [
                {
                  "name": "polycraft:kevlar_vest",
                  "stackSize": 1
                }
              ]
            },
            {
              "slotIndex": 2,
              "itemStacks": [
                {
                  "name": "polycraft:hose_low_pressure",
                  "stackSize": 1
                }
              ]
            },
            {
              "slotIndex": 8,
              "itemStacks": [
                {
                  "name": "minecraft:log",
                  "stackSize": 1
                }
              ]
            },
            {
              "slotIndex": 0,
              "itemStacks": [
                {
                  "name": "polycraft:hose_low_pressure",
                  "stackSize": 1
                }
              ]
            },
            {
              "slotIndex": 1,
              "itemStacks": [
                {
                  "name": "polycraft:regulator_medium_pressure",
                  "stackSize": 1
                }
              ]
            },
            {
              "slotIndex": 5,
              "itemStacks": [
                {
                  "name": "polycraft:block_of_titanium",
                  "stackSize": 1
                }
              ]
            },
            {
              "slotIndex": 6,
              "itemStacks": [
                {
                  "name": "minecraft:log",
                  "stackSize": 1
                }
              ]
            }
          ],
          "outputs": [
            {
              "slotIndex": 9,
              "itemStack": {
                "name": "polycraft:jet_pack_beginner",
                "stackSize": 1
              }
            }
          ],
          "containerType": "CRAFTING_TABLE"
        },
        {
          "inputs": [
            {
              "slotIndex": 3,
              "itemStacks": [
                {
                  "name": "minecraft:nether_star",
                  "stackSize": 1
                }
              ]
            },
            {
              "slotIndex": 7,
              "itemStacks": [
                {
                  "name": "minecraft:nether_star",
                  "stackSize": 1
                }
              ]
            },
            {
              "slotIndex": 4,
              "itemStacks": [
                {
                  "name": "minecraft:redstone_block",
                  "stackSize": 1
                }
              ]
            },
            {
              "slotIndex": 2,
              "itemStacks": [
                {
                  "name": "polycraft:block_of_titanium",
                  "stackSize": 1
                }
              ]
            },
            {
              "slotIndex": 8,
              "itemStacks": [
                {
                  "name": "minecraft:clay",
                  "stackSize": 1
                }
              ]
            },
            {
              "slotIndex": 0,
              "itemStacks": [
                {
                  "name": "polycraft:block_of_titanium",
                  "stackSize": 1
                }
              ]
            },
            {
              "slotIndex": 1,
              "itemStacks": [
                {
                  "name": "minecraft:nether_star",
                  "stackSize": 1
                }
              ]
            },
            {
              "slotIndex": 5,
              "itemStacks": [
                {
                  "name": "minecraft:nether_star",
                  "stackSize": 1
                }
              ]
            },
            {
              "slotIndex": 6,
              "itemStacks": [
                {
                  "name": "minecraft:clay",
                  "stackSize": 1
                }
              ]
            }
          ],
          "outputs": [
            {
              "slotIndex": 9,
              "itemStack": {
                "name": "polycraft:laser",
                "stackSize": 1
              }
            }
          ],
          "containerType": "CRAFTING_TABLE"
        },
        {
          "inputs": [
            {
              "slotIndex": 3,
              "itemStacks": [
                {
                  "name": "polycraft:processor",
                  "stackSize": 1
                }
              ]
            },
            {
              "slotIndex": 7,
              "itemStacks": [
                {
                  "name": "minecraft:glass",
                  "stackSize": 1
                }
              ]
            },
            {
              "slotIndex": 4,
              "itemStacks": [
                {
                  "name": "polycraft:amplifier",
                  "stackSize": 1
                }
              ]
            },
            {
              "slotIndex": 2,
              "itemStacks": [
                {
                  "name": "polycraft:oled_array",
                  "stackSize": 1
                }
              ]
            },
            {
              "slotIndex": 8,
              "itemStacks": [
                {
                  "name": "polycraft:block_of_titanium",
                  "stackSize": 1
                }
              ]
            },
            {
              "slotIndex": 0,
              "itemStacks": [
                {
                  "name": "polycraft:low_power_radio",
                  "stackSize": 1
                }
              ]
            },
            {
              "slotIndex": 1,
              "itemStacks": [
                {
                  "name": "polycraft:cell_phone_case_san",
                  "stackSize": 1
                }
              ]
            },
            {
              "slotIndex": 5,
              "itemStacks": [
                {
                  "name": "polycraft:block_of_titanium",
                  "stackSize": 1
                }
              ]
            },
            {
              "slotIndex": 6,
              "itemStacks": [
                {
                  "name": "minecraft:glass",
                  "stackSize": 1
                }
              ]
            }
          ],
          "outputs": [
            {
              "slotIndex": 9,
              "itemStack": {
                "name": "polycraft:cell_phone",
                "stackSize": 1
              }
            }
          ],
          "containerType": "CRAFTING_TABLE"
        }
      ],
      "perceivedRecipeListConfig": [
        {
          "inputs": [
            {
              "slotIndex": 0,
              "itemStacks": [
                {
                  "name": "minecraft:stick",
                  "stackSize": 1
                }
              ]
            },
            {
              "slotIndex": 1,
              "itemStacks": [
                {
                  "name": "polycraft:block_of_titanium",
                  "stackSize": 1
                }
              ]
            },
            {
              "slotIndex": 2,
              "itemStacks": [
                {
                  "name": "minecraft:stick",
                  "stackSize": 1
                }
              ]
            },
            {
              "slotIndex": 3,
              "itemStacks": [
                {
                  "name": "minecraft:diamond_block",
                  "stackSize": 1
                }
              ]
            },
            {
              "slotIndex": 4,
              "itemStacks": [
                {
                  "name": "polycraft:block_of_titanium",
                  "stackSize": 1
                }
              ]
            },
            {
              "slotIndex": 5,
              "itemStacks": [
                {
                  "name": "minecraft:diamond_block",
                  "stackSize": 1
                }
              ]
            },
            {
              "slotIndex": 7,
              "itemStacks": [
                {
                  "name": "polycraft:sack_polyisoprene_pellets",
                  "stackSize": 1
                }
              ]
            }
          ],
          "outputs": [
            {
              "slotIndex": 9,
              "itemStack": {
                "name": "polycraft:wooden_pogo_stick",
                "stackSize": 1
              }
            }
          ],
          "containerType": "CRAFTING_TABLE"
        },
        {
          "inputs": [
            {
              "slotIndex": 0,
              "itemStacks": [
                {
                  "name": "minecraft:planks",
                  "stackSize": 1
                }
              ]
            },
            {
              "slotIndex": 1,
              "itemStacks": [
                {
                  "name": "minecraft:planks",
                  "stackSize": 1
                }
              ]
            },
            {
              "slotIndex": 3,
              "itemStacks": [
                {
                  "name": "minecraft:planks",
                  "stackSize": 1
                }
              ]
            },
            {
              "slotIndex": 4,
              "itemStacks": [
                {
                  "name": "minecraft:planks",
                  "stackSize": 1
                }
              ]
            }
          ],
          "outputs": [
            {
              "slotIndex": 9,
              "itemStack": {
                "name": "minecraft:crafting_table",
                "stackSize": 1
              }
            }
          ],
          "containerType": "CRAFTING_TABLE"
        },
        {
          "inputs": [
            {
              "slotIndex": -1,
              "itemStacks": [
                {
                  "name": "minecraft:log",
                  "stackSize": 1
                }
              ]
            }
          ],
          "outputs": [
            {
              "slotIndex": 9,
              "itemStack": {
                "name": "minecraft:planks",
                "stackSize": 4
              }
            }
          ],
          "containerType": "CRAFTING_TABLE"
        },
        {
          "inputs": [
            {
              "slotIndex": 0,
              "itemStacks": [
                {
                  "name": "minecraft:diamond",
                  "stackSize": 1
                }
              ]
            },
            {
              "slotIndex": 1,
              "itemStacks": [
                {
                  "name": "minecraft:diamond",
                  "stackSize": 1
                }
              ]
            },
            {
              "slotIndex": 2,
              "itemStacks": [
                {
                  "name": "minecraft:diamond",
                  "stackSize": 1
                }
              ]
            },
            {
              "slotIndex": 3,
              "itemStacks": [
                {
                  "name": "minecraft:diamond",
                  "stackSize": 1
                }
              ]
            },
            {
              "slotIndex": 4,
              "itemStacks": [
                {
                  "name": "minecraft:diamond",
                  "stackSize": 1
                }
              ]
            },
            {
              "slotIndex": 5,
              "itemStacks": [
                {
                  "name": "minecraft:diamond",
                  "stackSize": 1
                }
              ]
            },
            {
              "slotIndex": 6,
              "itemStacks": [
                {
                  "name": "minecraft:diamond",
                  "stackSize": 1
                }
              ]
            },
            {
              "slotIndex": 7,
              "itemStacks": [
                {
                  "name": "minecraft:diamond",
                  "stackSize": 1
                }
              ]
            },
            {
              "slotIndex": 8,
              "itemStacks": [
                {
                  "name": "minecraft:diamond",
                  "stackSize": 1
                }
              ]
            }
          ],
          "outputs": [
            {
              "slotIndex": 9,
              "itemStack": {
                "name": "minecraft:diamond_block",
                "stackSize": 1
              }
            }
          ],
          "containerType": "CRAFTING_TABLE"
        },
        {
          "inputs": [
            {
              "slotIndex": 0,
              "itemStacks": [
                {
                  "name": "minecraft:planks",
                  "stackSize": 1
                }
              ]
            },
            {
              "slotIndex": 1,
              "itemStacks": [
                {
                  "name": "minecraft:stick",
                  "stackSize": 1
                }
              ]
            },
            {
              "slotIndex": 2,
              "itemStacks": [
                {
                  "name": "minecraft:planks",
                  "stackSize": 1
                }
              ]
            },
            {
              "slotIndex": 3,
              "itemStacks": [
                {
                  "name": "minecraft:planks",
                  "stackSize": 1
                }
              ]
            },
            {
              "slotIndex": 5,
              "itemStacks": [
                {
                  "name": "minecraft:planks",
                  "stackSize": 1
                }
              ]
            },
            {
              "slotIndex": 7,
              "itemStacks": [
                {
                  "name": "minecraft:planks",
                  "stackSize": 1
                }
              ]
            }
          ],
          "outputs": [
            {
              "slotIndex": 9,
              "itemStack": {
                "name": "polycraft:tree_tap",
                "stackSize": 1
              }
            }
          ],
          "containerType": "CRAFTING_TABLE"
        },
        {
          "inputs": [
            {
              "slotIndex": 0,
              "itemStacks": [
                {
                  "name": "minecraft:planks",
                  "stackSize": 1
                }
              ]
            },
            {
              "slotIndex": 3,
              "itemStacks": [
                {
                  "name": "minecraft:planks",
                  "stackSize": 1
                }
              ]
            }
          ],
          "outputs": [
            {
              "slotIndex": 9,
              "itemStack": {
                "name": "minecraft:stick",
                "stackSize": 4
              }
            }
          ],
          "containerType": "CRAFTING_TABLE"
        },
        {
          "inputs": [
            {
              "slotIndex": 3,
              "itemStacks": [
                {
                  "name": "polycraft:cartridge_propane",
                  "stackSize": 1
                }
              ]
            },
            {
              "slotIndex": 7,
              "itemStacks": [
                {
                  "name": "polycraft:block_of_titanium",
                  "stackSize": 1
                }
              ]
            },
            {
              "slotIndex": 4,
              "itemStacks": [
                {
                  "name": "polycraft:kevlar_vest",
                  "stackSize": 1
                }
              ]
            },
            {
              "slotIndex": 2,
              "itemStacks": [
                {
                  "name": "polycraft:hose_low_pressure",
                  "stackSize": 1
                }
              ]
            },
            {
              "slotIndex": 8,
              "itemStacks": [
                {
                  "name": "minecraft:log",
                  "stackSize": 1
                }
              ]
            },
            {
              "slotIndex": 0,
              "itemStacks": [
                {
                  "name": "polycraft:hose_low_pressure",
                  "stackSize": 1
                }
              ]
            },
            {
              "slotIndex": 1,
              "itemStacks": [
                {
                  "name": "polycraft:regulator_medium_pressure",
                  "stackSize": 1
                }
              ]
            },
            {
              "slotIndex": 5,
              "itemStacks": [
                {
                  "name": "polycraft:block_of_titanium",
                  "stackSize": 1
                }
              ]
            },
            {
              "slotIndex": 6,
              "itemStacks": [
                {
                  "name": "minecraft:log",
                  "stackSize": 1
                }
              ]
            }
          ],
          "outputs": [
            {
              "slotIndex": 9,
              "itemStack": {
                "name": "polycraft:jet_pack_beginner",
                "stackSize": 1
              }
            }
          ],
          "containerType": "CRAFTING_TABLE"
        },
        {
          "inputs": [
            {
              "slotIndex": 3,
              "itemStacks": [
                {
                  "name": "minecraft:nether_star",
                  "stackSize": 1
                }
              ]
            },
            {
              "slotIndex": 7,
              "itemStacks": [
                {
                  "name": "minecraft:nether_star",
                  "stackSize": 1
                }
              ]
            },
            {
              "slotIndex": 4,
              "itemStacks": [
                {
                  "name": "minecraft:redstone_block",
                  "stackSize": 1
                }
              ]
            },
            {
              "slotIndex": 2,
              "itemStacks": [
                {
                  "name": "polycraft:block_of_titanium",
                  "stackSize": 1
                }
              ]
            },
            {
              "slotIndex": 8,
              "itemStacks": [
                {
                  "name": "minecraft:clay",
                  "stackSize": 1
                }
              ]
            },
            {
              "slotIndex": 0,
              "itemStacks": [
                {
                  "name": "polycraft:block_of_titanium",
                  "stackSize": 1
                }
              ]
            },
            {
              "slotIndex": 1,
              "itemStacks": [
                {
                  "name": "minecraft:nether_star",
                  "stackSize": 1
                }
              ]
            },
            {
              "slotIndex": 5,
              "itemStacks": [
                {
                  "name": "minecraft:nether_star",
                  "stackSize": 1
                }
              ]
            },
            {
              "slotIndex": 6,
              "itemStacks": [
                {
                  "name": "minecraft:clay",
                  "stackSize": 1
                }
              ]
            }
          ],
          "outputs": [
            {
              "slotIndex": 9,
              "itemStack": {
                "name": "polycraft:laser",
                "stackSize": 1
              }
            }
          ],
          "containerType": "CRAFTING_TABLE"
        },
        {
          "inputs": [
            {
              "slotIndex": 3,
              "itemStacks": [
                {
                  "name": "polycraft:processor",
                  "stackSize": 1
                }
              ]
            },
            {
              "slotIndex": 7,
              "itemStacks": [
                {
                  "name": "minecraft:glass",
                  "stackSize": 1
                }
              ]
            },
            {
              "slotIndex": 4,
              "itemStacks": [
                {
                  "name": "polycraft:amplifier",
                  "stackSize": 1
                }
              ]
            },
            {
              "slotIndex": 2,
              "itemStacks": [
                {
                  "name": "polycraft:oled_array",
                  "stackSize": 1
                }
              ]
            },
            {
              "slotIndex": 8,
              "itemStacks": [
                {
                  "name": "polycraft:block_of_titanium",
                  "stackSize": 1
                }
              ]
            },
            {
              "slotIndex": 0,
              "itemStacks": [
                {
                  "name": "polycraft:low_power_radio",
                  "stackSize": 1
                }
              ]
            },
            {
              "slotIndex": 1,
              "itemStacks": [
                {
                  "name": "polycraft:cell_phone_case_san",
                  "stackSize": 1
                }
              ]
            },
            {
              "slotIndex": 5,
              "itemStacks": [
                {
                  "name": "polycraft:block_of_titanium",
                  "stackSize": 1
                }
              ]
            },
            {
              "slotIndex": 6,
              "itemStacks": [
                {
                  "name": "minecraft:glass",
                  "stackSize": 1
                }
              ]
            }
          ],
          "outputs": [
            {
              "slotIndex": 9,
              "itemStack": {
                "name": "polycraft:cell_phone",
                "stackSize": 1
              }
            }
          ],
          "containerType": "CRAFTING_TABLE"
        }
      ]
    },
    {
      "pos": [
        3,
        4,
        6
      ],
      "name": "Add Items 6",
      "color": -256,
      "type": "ADD_ITEMS",
      "canProceed": false,
      "isDone": false,
      "completionTime": 0,
      "uuid": "95046174-8f51-4f71-b25c-3513b78c32fb",
      "itemList": [
        {
          "slot": 1,
          "itemDef": {
            "itemName": "polycraft:expitem",
            "itemMeta": 0,
            "count": 1,
            "nameOverride": "polycraft:pickaxe_68",
            "toolType": "PICKAXE",
            "efficiency": 0.1341084
          }
        },
        {
          "slot": 3,
          "itemDef": {
            "itemName": "polycraft:expitem",
            "itemMeta": 0,
            "count": 1,
            "nameOverride": "polycraft:shovel_35",
            "toolType": "SHOVEL",
            "efficiency": 0.15243883
          }
        },
        {
          "slot": 5,
          "itemDef": {
            "itemName": "polycraft:hose_low_pressure",
            "itemMeta": 0,
            "count": 2
          }
        },
        {
          "slot": 6,
          "itemDef": {
            "itemName": "polycraft:expitem",
            "itemMeta": 0,
            "count": 1,
            "nameOverride": "polycraft:shovel_0",
            "toolType": "SHOVEL",
            "efficiency": 0.57571626
          }
        },
        {
          "slot": 7,
          "itemDef": {
            "itemName": "polycraft:expitem",
            "itemMeta": 0,
            "count": 1,
            "nameOverride": "polycraft:hatchet_23",
            "toolType": "HATCHET",
            "efficiency": 0.8463351
          }
        },
        {
          "slot": 10,
          "itemDef": {
            "itemName": "polycraft:low_power_radio",
            "itemMeta": 0,
            "count": 1
          }
        },
        {
          "slot": 14,
          "itemDef": {
            "itemName": "polycraft:cell_phone_case_san",
            "itemMeta": 0,
            "count": 2
          }
        },
        {
          "slot": 15,
          "itemDef": {
            "itemName": "polycraft:expitem",
            "itemMeta": 0,
            "count": 1,
            "nameOverride": "polycraft:glasscutter_33",
            "toolType": "GLASSCUTTER",
            "efficiency": 0.25117865
          }
        },
        {
          "slot": 18,
          "itemDef": {
            "itemName": "polycraft:expitem",
            "itemMeta": 0,
            "count": 1,
            "nameOverride": "polycraft:shovel_5",
            "toolType": "SHOVEL",
            "efficiency": 0.65930253
          }
        },
        {
          "slot": 20,
          "itemDef": {
            "itemName": "polycraft:expitem",
            "itemMeta": 0,
            "count": 1,
            "nameOverride": "polycraft:hatchet_70",
            "toolType": "HATCHET",
            "efficiency": 0.32026362
          }
        },
        {
          "slot": 22,
          "itemDef": {
            "itemName": "polycraft:regulator_medium_pressure",
            "itemMeta": 0,
            "count": 1
          }
        },
        {
          "slot": 27,
          "itemDef": {
            "itemName": "polycraft:expitem",
            "itemMeta": 0,
            "count": 1,
            "nameOverride": "polycraft:shovel_41",
            "toolType": "SHOVEL",
            "efficiency": 0.69796884
          }
        },
        {
          "slot": 28,
          "itemDef": {
            "itemName": "polycraft:expitem",
            "itemMeta": 0,
            "count": 1,
            "nameOverride": "polycraft:pickaxe_51",
            "toolType": "PICKAXE",
            "efficiency": 0.34394908
          }
        },
        {
          "slot": 29,
          "itemDef": {
            "itemName": "polycraft:expitem",
            "itemMeta": 0,
            "count": 1,
            "nameOverride": "polycraft:pickaxe_34",
            "toolType": "PICKAXE",
            "efficiency": 0.67396736
          }
        },
        {
          "slot": 30,
          "itemDef": {
            "itemName": "polycraft:expitem",
            "itemMeta": 0,
            "count": 1,
            "nameOverride": "polycraft:glasscutter_24",
            "toolType": "GLASSCUTTER",
            "efficiency": 0.78523517
          }
        },
        {
          "slot": 31,
          "itemDef": {
            "itemName": "polycraft:expitem",
            "itemMeta": 0,
            "count": 1,
            "nameOverride": "polycraft:hatchet_61",
            "toolType": "HATCHET",
            "efficiency": 0.19221172
          }
        },
        {
          "slot": 35,
          "itemDef": {
            "itemName": "polycraft:expitem",
            "itemMeta": 0,
            "count": 1,
            "nameOverride": "polycraft:glasscutter_41",
            "toolType": "GLASSCUTTER",
            "efficiency": 0.79833835
          }
        },
        {
          "slot": 38,
          "itemDef": {
            "itemName": "polycraft:expitem",
            "itemMeta": 0,
            "count": 1,
            "nameOverride": "polycraft:shovel_93",
            "toolType": "SHOVEL",
            "efficiency": 0.81447756
          }
        },
        {
          "slot": 39,
          "itemDef": {
            "itemName": "polycraft:expitem",
            "itemMeta": 0,
            "count": 1,
            "nameOverride": "polycraft:glasscutter_9",
            "toolType": "GLASSCUTTER",
            "efficiency": 0.22919503
          }
        },
        {
          "slot": 40,
          "itemDef": {
            "itemName": "polycraft:oled_array",
            "itemMeta": 0,
            "count": 1
          }
        },
        {
          "slot": 41,
          "itemDef": {
            "itemName": "polycraft:expitem",
            "itemMeta": 0,
            "count": 1,
            "nameOverride": "polycraft:shovel_27",
            "toolType": "SHOVEL",
            "efficiency": 0.5870367
          }
        },
        {
          "slot": 42,
          "itemDef": {
            "itemName": "polycraft:kevlar_vest",
            "itemMeta": 0,
            "count": 1
          }
        },
        {
          "slot": 43,
          "itemDef": {
            "itemName": "polycraft:expitem",
            "itemMeta": 0,
            "count": 1,
            "nameOverride": "polycraft:pickaxe_48",
            "toolType": "PICKAXE",
            "efficiency": 0.34372103
          }
        },
        {
          "slot": 47,
          "itemDef": {
            "itemName": "polycraft:expitem",
            "itemMeta": 0,
            "count": 1,
            "nameOverride": "polycraft:glasscutter_80",
            "toolType": "GLASSCUTTER",
            "efficiency": 0.12202768
          }
        },
        {
          "slot": 49,
          "itemDef": {
            "itemName": "polycraft:expitem",
            "itemMeta": 0,
            "count": 1,
            "nameOverride": "polycraft:pickaxe_67",
            "toolType": "PICKAXE",
            "efficiency": 0.33577564
          }
        },
        {
          "slot": 50,
          "itemDef": {
            "itemName": "polycraft:expitem",
            "itemMeta": 0,
            "count": 1,
            "nameOverride": "polycraft:shovel_57",
            "toolType": "SHOVEL",
            "efficiency": 0.4375819
          }
        },
        {
          "slot": 52,
          "itemDef": {
            "itemName": "minecraft:nether_star",
            "itemMeta": 0,
            "count": 4
          }
        },
        {
          "slot": 53,
          "itemDef": {
            "itemName": "polycraft:expitem",
            "itemMeta": 0,
            "count": 1,
            "nameOverride": "polycraft:glasscutter_59",
            "toolType": "GLASSCUTTER",
            "efficiency": 0.6878742
          }
        },
        {
          "slot": 54,
          "itemDef": {
            "itemName": "polycraft:expitem",
            "itemMeta": 0,
            "count": 1,
            "nameOverride": "polycraft:hatchet_31",
            "toolType": "HATCHET",
            "efficiency": 0.5720355
          }
        },
        {
          "slot": 56,
          "itemDef": {
            "itemName": "polycraft:expitem",
            "itemMeta": 0,
            "count": 1,
            "nameOverride": "polycraft:hatchet_21",
            "toolType": "HATCHET",
            "efficiency": 0.8848634
          }
        },
        {
          "slot": 57,
          "itemDef": {
            "itemName": "polycraft:processor",
            "itemMeta": 0,
            "count": 1
          }
        },
        {
          "slot": 58,
          "itemDef": {
            "itemName": "polycraft:amplifier",
            "itemMeta": 0,
            "count": 1
          }
        },
        {
          "slot": 61,
          "itemDef": {
            "itemName": "polycraft:expitem",
            "itemMeta": 0,
            "count": 1,
            "nameOverride": "polycraft:hatchet_33",
            "toolType": "HATCHET",
            "efficiency": 0.45543495
          }
        },
        {
          "slot": 62,
          "itemDef": {
            "itemName": "polycraft:expitem",
            "itemMeta": 0,
            "count": 1,
            "nameOverride": "polycraft:pickaxe_91",
            "toolType": "PICKAXE",
            "efficiency": 0.23502773
          }
        },
        {
          "slot": 63,
          "itemDef": {
            "itemName": "minecraft:redstone_block",
            "itemMeta": 0,
            "count": 1
          }
        },
        {
          "slot": 67,
          "itemDef": {
            "itemName": "polycraft:expitem",
            "itemMeta": 0,
            "count": 1,
            "nameOverride": "polycraft:pickaxe_71",
            "toolType": "PICKAXE",
            "efficiency": 0.6583954
          }
        },
        {
          "slot": 68,
          "itemDef": {
            "itemName": "polycraft:expitem",
            "itemMeta": 0,
            "count": 1,
            "nameOverride": "polycraft:hatchet_41",
            "toolType": "HATCHET",
            "efficiency": 0.6765037
          }
        },
        {
          "slot": 70,
          "itemDef": {
            "itemName": "polycraft:expitem",
            "itemMeta": 0,
            "count": 1,
            "nameOverride": "polycraft:shovel_42",
            "toolType": "SHOVEL",
            "efficiency": 0.83655834
          }
        },
        {
          "slot": 72,
          "itemDef": {
            "itemName": "polycraft:expitem",
            "itemMeta": 0,
            "count": 1,
            "nameOverride": "polycraft:shovel_83",
            "toolType": "SHOVEL",
            "efficiency": 0.11712742
          }
        },
        {
          "slot": 73,
          "itemDef": {
            "itemName": "polycraft:expitem",
            "itemMeta": 0,
            "count": 1,
            "nameOverride": "polycraft:glasscutter_23",
            "toolType": "GLASSCUTTER",
            "efficiency": 0.40135735
          }
        },
        {
          "slot": 74,
          "itemDef": {
            "itemName": "polycraft:expitem",
            "itemMeta": 0,
            "count": 1,
            "nameOverride": "polycraft:pickaxe_83",
            "toolType": "PICKAXE",
            "efficiency": 0.8866367
          }
        },
        {
          "slot": 76,
          "itemDef": {
            "itemName": "polycraft:cartridge_propane",
            "itemMeta": 0,
            "count": 2
          }
        },
        {
          "slot": 77,
          "itemDef": {
            "itemName": "polycraft:expitem",
            "itemMeta": 0,
            "count": 1,
            "nameOverride": "polycraft:glasscutter_70",
            "toolType": "GLASSCUTTER",
            "efficiency": 0.31608534
          }
        },
        {
          "slot": 81,
          "itemDef": {
            "itemName": "polycraft:expitem",
            "itemMeta": 0,
            "count": 1,
            "nameOverride": "polycraft:shovel_7",
            "toolType": "SHOVEL",
            "efficiency": 0.36052644
          }
        },
        {
          "slot": 85,
          "itemDef": {
            "itemName": "polycraft:expitem",
            "itemMeta": 0,
            "count": 1,
            "nameOverride": "polycraft:glasscutter_92",
            "toolType": "GLASSCUTTER",
            "efficiency": 0.2811703
          }
        },
        {
          "slot": 87,
          "itemDef": {
            "itemName": "polycraft:expitem",
            "itemMeta": 0,
            "count": 1,
            "nameOverride": "polycraft:pickaxe_43",
            "toolType": "PICKAXE",
            "efficiency": 0.22505355
          }
        },
        {
          "slot": 93,
          "itemDef": {
            "itemName": "polycraft:expitem",
            "itemMeta": 0,
            "count": 1,
            "nameOverride": "polycraft:hatchet_28",
            "toolType": "HATCHET",
            "efficiency": 0.5320552
          }
        },
        {
          "slot": 95,
          "itemDef": {
            "itemName": "polycraft:expitem",
            "itemMeta": 0,
            "count": 1,
            "nameOverride": "polycraft:hatchet_37",
            "toolType": "HATCHET",
            "efficiency": 0.78582484
          }
        },
        {
          "slot": 96,
          "itemDef": {
            "itemName": "polycraft:expitem",
            "itemMeta": 0,
            "count": 1,
            "nameOverride": "polycraft:pickaxe_65",
            "toolType": "PICKAXE",
            "efficiency": 0.8102329
          }
        },
        {
          "slot": 97,
          "itemDef": {
            "itemName": "polycraft:expitem",
            "itemMeta": 0,
            "count": 1,
            "nameOverride": "polycraft:glasscutter_22",
            "toolType": "GLASSCUTTER",
            "efficiency": 0.2614712
          }
        },
        {
          "slot": 98,
          "itemDef": {
            "itemName": "polycraft:expitem",
            "itemMeta": 0,
            "count": 1,
            "nameOverride": "polycraft:hatchet_93",
            "toolType": "HATCHET",
            "efficiency": 0.31801575
          }
        }
      ]
    },
    {
      "pos": [
        0,
        4,
        0
      ],
      "name": "Tool Type Lookup",
      "color": -8355712,
      "type": "EFFICIENCY_TYPE_LOOKUP",
      "canProceed": false,
      "isDone": false,
      "completionTime": 0,
      "uuid": "78622032-0a51-4af9-a654-7c39cea5037e",
      "efficiencyLevelLookup": [
        {
          "block": "minecraft:diamond_block",
          "SCREWDRIVER": "BAD",
          "TNT": "BAD",
          "HEATED_KNIFE": "BAD",
          "GLASSCUTTER": "BAD",
          "HATCHET": "BAD",
          "HAMMER": "BAD",
          "PICKAXE": "GOOD",
          "DRILL": "BAD",
          "SHOVEL": "BAD"
        },
        {
          "block": "minecraft:stone",
          "SCREWDRIVER": "BAD",
          "TNT": "BAD",
          "HEATED_KNIFE": "BAD",
          "GLASSCUTTER": "BAD",
          "HATCHET": "BAD",
          "HAMMER": "BAD",
          "PICKAXE": "GOOD",
          "DRILL": "BAD",
          "SHOVEL": "BAD"
        },
        {
          "block": "polycraft:block_of_copper",
          "SCREWDRIVER": "BAD",
          "TNT": "BAD",
          "HEATED_KNIFE": "BAD",
          "GLASSCUTTER": "BAD",
          "HATCHET": "BAD",
          "HAMMER": "BAD",
          "PICKAXE": "GOOD",
          "DRILL": "GREAT",
          "SHOVEL": "BAD"
        },
        {
          "block": "minecraft:clay",
          "SCREWDRIVER": "BAD",
          "TNT": "BAD",
          "HEATED_KNIFE": "BAD",
          "GLASSCUTTER": "BAD",
          "HATCHET": "BAD",
          "HAMMER": "BAD",
          "PICKAXE": "BAD",
          "DRILL": "BAD",
          "SHOVEL": "GOOD"
        },
        {
          "block": "minecraft:glass",
          "SCREWDRIVER": "BAD",
          "TNT": "BAD",
          "HEATED_KNIFE": "BAD",
          "GLASSCUTTER": "GOOD",
          "HATCHET": "BAD",
          "HAMMER": "BAD",
          "PICKAXE": "BAD",
          "DRILL": "BAD",
          "SHOVEL": "BAD"
        },
        {
          "block": "polycraft:block_of_silicon",
          "SCREWDRIVER": "BAD",
          "TNT": "BAD",
          "HEATED_KNIFE": "BAD",
          "GLASSCUTTER": "BAD",
          "HATCHET": "BAD",
          "HAMMER": "BAD",
          "PICKAXE": "GOOD",
          "DRILL": "GREAT",
          "SHOVEL": "BAD"
        },
        {
          "block": "minecraft:log",
          "SCREWDRIVER": "BAD",
          "TNT": "BAD",
          "HEATED_KNIFE": "BAD",
          "GLASSCUTTER": "BAD",
          "HATCHET": "GOOD",
          "HAMMER": "BAD",
          "PICKAXE": "BAD",
          "DRILL": "GOOD",
          "SHOVEL": "BAD"
        },
        {
          "block": "polycraft:bauxite",
          "SCREWDRIVER": "BAD",
          "TNT": "BAD",
          "HEATED_KNIFE": "BAD",
          "GLASSCUTTER": "BAD",
          "HATCHET": "BAD",
          "HAMMER": "BAD",
          "PICKAXE": "GOOD",
          "DRILL": "GREAT",
          "SHOVEL": "BAD"
        },
        {
          "block": "polycraft:block_of_titanium",
          "SCREWDRIVER": "FAIL",
          "TNT": "BAD",
          "HEATED_KNIFE": "BAD",
          "GLASSCUTTER": "BAD",
          "HATCHET": "BAD",
          "HAMMER": "FAIL",
          "PICKAXE": "GOOD",
          "DRILL": "BAD",
          "SHOVEL": "BAD"
        }
      ]
    },
    {
      "pos": [
        0,
        0,
        0
      ],
      "name": "End Condition",
      "color": -256,
      "type": "END",
      "canProceed": true,
      "isDone": false,
      "completionTime": 0,
      "uuid": "022a245a-ed32-4dc7-a65c-c85bd3e1b51a",
      "endCondition": "ITEM",
      "itemToAcquire": "polycraft:cell_phone",
      "blockToPlace": "",
      "locationToReach": [
        0,
        0,
        0
      ],
      "endTime": 0.0,
      "endStepCost": 0.0,
      "isFinished": false,
      "blockName": "minecraft:lapis_block",
      "blockMeta": 0
    },
    {
      "pos": [
        13,
        4,
        34
      ],
      "name": "Guide 2",
      "color": -256,
      "type": "GUIDE",
      "canProceed": false,
      "isDone": false,
      "completionTime": 0,
      "uuid": "2b06c58a-8f71-4fbe-87b6-5da9009ad4a8",
      "pos2": [
        13,
        4,
        34
      ]
    }
  ],
  "options": {
    "pos": [
      0,
      2,
      0
    ],
    "pos2": [
      30,
      9,
      30
    ],
    "name": "",
    "numTeams": 2,
    "teamSize": 2,
    "seed": 1066612723,
    "hideGui": false,
    "outputScreen": false,
    "distribution": "Uninformed",
    "maxScore": 218838
  },
  "novelty_config": {
    "seed": 0,
    "templatePath": "../Novelty/input/pogo_v2.json",
    "novelties": [
      {
        "type": "RoomGenTransform",
        "roomGenTransformType": "UPDATE_ROOMS",
        "roomGenOrder": [
          0
        ],
        "roomGenOrderR": [
          1
        ],
        "roomTypes": [
          {
            "xMin": 3,
            "xMax": 3,
            "yMin": 1,
            "yMax": 1,
            "zMin": 3,
            "zMax": 3,
            "blockFloorName": "minecraft:planks",
            "blockCeilName": "minecraft:air",
            "blockWallName": "minecraft:brick_block",
            "blockRefName": "minecraft:grass",
            "canPlayerSpawn": true,
            "tagList": [
              "primary",
              "door"
            ]
          }
        ]
      },
      {
        "blockName": "minecraft:crafting_table",
        "type": "WorldGenTransform",
        "transformType": "BLOCK_LOCATION",
        "countOffset": 0,
        "tagList": [
          "primary"
        ]
      },
      {
        "blockName": "tree",
        "type": "WorldGenTransform",
        "transformType": "BLOCK_LOCATION",
        "countOffset": -5,
        "tagList": [
          "primary"
        ]
      },
      {
        "blockName": "polycraft:block_of_titanium",
        "type": "WorldGenTransform",
        "transformType": "BLOCK_CLUSTER",
        "countOffset": 1,
        "tagList": [
          "primary"
        ]
      },
      {
        "blockName": "minecraft:diamond_block",
        "type": "WorldGenTransform",
        "transformType": "BLOCK_CLUSTER",
        "countOffset": 1,
        "tagList": [
          "primary"
        ]
      },
      {
        "blockName": "minecraft:stone",
        "type": "WorldGenTransform",
        "transformType": "BLOCK_CLUSTER",
        "countOffset": 1,
        "tagList": [
          "primary"
        ]
      },
      {
        "blockName": "polycraft:block_of_silicon",
        "type": "WorldGenTransform",
        "transformType": "BLOCK_CLUSTER",
        "countOffset": 1,
        "tagList": [
          "primary"
        ]
      },
      {
        "blockName": "polycraft:bauxite",
        "type": "WorldGenTransform",
        "transformType": "BLOCK_CLUSTER",
        "countOffset": 1,
        "tagList": [
          "primary"
        ]
      },
      {
        "blockName": "polycraft:block_of_copper",
        "type": "WorldGenTransform",
        "transformType": "BLOCK_CLUSTER",
        "countOffset": 1,
        "tagList": [
          "primary"
        ]
      },
      {
        "blockName": "minecraft:log",
        "type": "WorldGenTransform",
        "transformType": "BLOCK_CLUSTER",
        "countOffset": 1,
        "tagList": [
          "primary"
        ]
      },
      {
        "blockName": "minecraft:clay",
        "type": "WorldGenTransform",
        "transformType": "BLOCK_CLUSTER",
        "countOffset": 1,
        "tagList": [
          "primary"
        ]
      },
      {
        "blockName": "minecraft:glass",
        "type": "WorldGenTransform",
        "transformType": "BLOCK_CLUSTER",
        "countOffset": 1,
        "tagList": [
          "primary"
        ]
      },
      {
        "type": "GenToolsTransform",
        "toolGens": [
          {
            "toolType": "PICKAXE",
            "count": 100,
            "minEff": 0.10,
            "maxEff": 0.90,
            "suffix": "polycraft:pickaxe",
            "toolsPerGame": 10
          },
          {
            "toolType": "SHOVEL",
            "count": 100,
            "minEff": 0.10,
            "maxEff": 0.90,
            "suffix": "polycraft:shovel",
            "toolsPerGame": 10
          },
          {
            "toolType": "HATCHET",
            "count": 100,
            "minEff": 0.10,
            "maxEff": 0.90,
            "suffix": "polycraft:hatchet",
            "toolsPerGame": 10
          },
          {
            "toolType": "GLASSCUTTER",
            "count": 100,
            "minEff": 0.10,
            "maxEff": 0.90,
            "suffix": "polycraft:glasscutter",
            "toolsPerGame": 10
          }
        ],
        "efficiencyLevelLookup": [
          {
            "block": "polycraft:block_of_titanium",
            "PICKAXE": "GOOD",
            "SHOVEL": "BAD",
            "HATCHET": "BAD",
            "SCREWDRIVER": "FAIL",
            "HAMMER": "FAIL",
            "DRILL": "BAD",
            "GLASSCUTTER": "BAD"
          },
          {
            "block": "minecraft:diamond_block",
            "PICKAXE": "GOOD",
            "SHOVEL": "BAD",
            "HATCHET": "BAD",
            "SCREWDRIVER": "BAD",
            "HAMMER": "BAD",
            "DRILL": "BAD",
            "GLASSCUTTER": "BAD"
          },
          {
            "block": "minecraft:stone",
            "PICKAXE": "GOOD",
            "SHOVEL": "BAD",
            "HATCHET": "BAD",
            "SCREWDRIVER": "BAD",
            "HAMMER": "BAD",
            "DRILL": "BAD",
            "GLASSCUTTER": "BAD"
          },
          {
            "block": "polycraft:block_of_silicon",
            "PICKAXE": "GOOD",
            "SHOVEL": "BAD",
            "HATCHET": "BAD",
            "SCREWDRIVER": "BAD",
            "HAMMER": "BAD",
            "DRILL": "GREAT",
            "GLASSCUTTER": "BAD"
          },
          {
            "block": "polycraft:bauxite",
            "PICKAXE": "GOOD",
            "SHOVEL": "BAD",
            "HATCHET": "BAD",
            "SCREWDRIVER": "BAD",
            "HAMMER": "BAD",
            "DRILL": "GREAT",
            "GLASSCUTTER": "BAD"
          },
          {
            "block": "polycraft:block_of_copper",
            "PICKAXE": "GOOD",
            "SHOVEL": "BAD",
            "HATCHET": "BAD",
            "SCREWDRIVER": "BAD",
            "HAMMER": "BAD",
            "DRILL": "GREAT",
            "GLASSCUTTER": "BAD"
          },
          {
            "block": "minecraft:log",
            "PICKAXE": "BAD",
            "SHOVEL": "BAD",
            "HATCHET": "GOOD",
            "SCREWDRIVER": "BAD",
            "HAMMER": "BAD",
            "DRILL": "GOOD",
            "GLASSCUTTER": "BAD"
          },
          {
            "block": "minecraft:clay",
            "PICKAXE": "BAD",
            "SHOVEL": "GOOD",
            "HATCHET": "BAD",
            "SCREWDRIVER": "BAD",
            "HAMMER": "BAD",
            "DRILL": "BAD",
            "GLASSCUTTER": "BAD"
          },
          {
            "block": "minecraft:glass",
            "PICKAXE": "BAD",
            "SHOVEL": "BAD",
            "HATCHET": "BAD",
            "SCREWDRIVER": "BAD",
            "HAMMER": "BAD",
            "DRILL": "BAD",
            "GLASSCUTTER": "GOOD"
          }
        ]
      },
      {
        "type": "GoalTransform",
        "goalRepeatCount": 20,
        "transformType": "SEQUENTIAL",
        "overrideGoalConfig": [
          {
            "goalType": "ITEM",
            "itemToAcquire": "polycraft:jet_pack_beginner"
          },
          {
            "goalType": "ITEM",
            "itemToAcquire": "polycraft:laser"
          },
          {
            "goalType": "ITEM",
            "itemToAcquire": "polycraft:cell_phone"
          }
        ]
      },
      {
        "type": "RecipeTransform",
        "transformType": "ADD_FW2_RECIPES_SIMPLE"
      }
    ],
    "seedOverride": 1066612723,
    "generatedTimeStamp": "2023-02-14 12:34:20.314"
  }
}