{
  "features": [
    {
      "pos": [
        15,
        17,
        20
      ],
      "name": "Start 0",
      "color": -16711681,
      "type": "START",
      "canProceed": false,
      "isDone": false,
      "completionTime": 0,
      "uuid": "15eb8c85-5933-4bbc-a664-bcf4d6d4edff",
      "pos2": [
        27,
        4,
        27
      ],
      "lookDir": [
        0,
        90,
        0
      ],
      "dim": 0,
      "spawnedInServer": false,
      "spawnedInClient": false,
      "spawnRand": false
    },
    {
      "pos": [
        0,
        16,
        0
      ],
      "name": "Room_0",
      "color": -16711936,
      "type": "ROOM",
      "canProceed": false,
      "isDone": false,
      "completionTime": 0,
      "uuid": "1242e04e-2d9f-4c90-bb9a-d5dd91b85ea6",
      "pos2": [
        23,
        23,
        23
      ],
      "blockFloorMeta": 0,
      "blockFloorName": "minecraft:planks",
      "blockWallMeta": 0,
      "blockWallName": "minecraft:brick_block",
      "blockWallMetaTwo": 0,
      "blockCeilMeta": 0,
      "blockCeilName": "minecraft:air",
      "blockRefMeta": 0,
      "blockRefName": "minecraft:grass",
      "spawnRefBlocks": false,
      "recycleRefSeed": true,
      "isChunkBased": true,
      "refSeed": -1434503321,
      "refSpawnChance": 0.0,
      "intensity": 117,
      "useRandomMeta": false,
      "wallTexture": "T2",
      "wallColor": "T0",
      "floorTexture": "T6",
      "floorColor": "T0",
      "chunks": [
        {
          "pos": [
            2,
            2,
            0
          ],
          "wallConfiguration": [
            {
              "face": "north",
              "config": {
                "type": "EXTERNAL",
                "wallConfiguration": [],
                "defaultPath": {
                  "type": "BLUEPRINT",
                  "reversed": false,
                  "buttonLocation": "NONE",
                  "pressurePlaceLocation": "NONE",
                  "keyMetas": []
                }
              }
            },
            {
              "face": "west",
              "config": {
                "type": "INTERNAL",
                "wallConfiguration": [],
                "defaultPath": {
                  "type": "BLUEPRINT",
                  "reversed": false,
                  "buttonLocation": "NONE",
                  "pressurePlaceLocation": "NONE",
                  "keyMetas": []
                }
              }
            },
            {
              "face": "east",
              "config": {
                "type": "EXTERNAL",
                "wallConfiguration": [],
                "defaultPath": {
                  "type": "BLUEPRINT",
                  "reversed": false,
                  "buttonLocation": "NONE",
                  "pressurePlaceLocation": "NONE",
                  "keyMetas": []
                }
              }
            },
            {
              "face": "south",
              "config": {
                "type": "INTERNAL",
                "wallConfiguration": [],
                "defaultPath": {
                  "type": "BLUEPRINT",
                  "reversed": false,
                  "buttonLocation": "NONE",
                  "pressurePlaceLocation": "NONE",
                  "keyMetas": []
                }
              }
            }
          ],
          "roomID": 0
        },
        {
          "pos": [
            1,
            2,
            1
          ],
          "wallConfiguration": [
            {
              "face": "north",
              "config": {
                "type": "INTERNAL",
                "wallConfiguration": [],
                "defaultPath": {
                  "type": "BLUEPRINT",
                  "reversed": false,
                  "buttonLocation": "NONE",
                  "pressurePlaceLocation": "NONE",
                  "keyMetas": []
                }
              }
            },
            {
              "face": "west",
              "config": {
                "type": "INTERNAL",
                "wallConfiguration": [],
                "defaultPath": {
                  "type": "BLUEPRINT",
                  "reversed": false,
                  "buttonLocation": "NONE",
                  "pressurePlaceLocation": "NONE",
                  "keyMetas": []
                }
              }
            },
            {
              "face": "east",
              "config": {
                "type": "INTERNAL",
                "wallConfiguration": [],
                "defaultPath": {
                  "type": "BLUEPRINT",
                  "reversed": false,
                  "buttonLocation": "NONE",
                  "pressurePlaceLocation": "NONE",
                  "keyMetas": []
                }
              }
            },
            {
              "face": "south",
              "config": {
                "type": "INTERNAL",
                "wallConfiguration": [],
                "defaultPath": {
                  "type": "BLUEPRINT",
                  "reversed": false,
                  "buttonLocation": "NONE",
                  "pressurePlaceLocation": "NONE",
                  "keyMetas": []
                }
              }
            }
          ],
          "roomID": 0
        },
        {
          "pos": [
            0,
            2,
            2
          ],
          "wallConfiguration": [
            {
              "face": "north",
              "config": {
                "type": "INTERNAL",
                "wallConfiguration": [],
                "defaultPath": {
                  "type": "BLUEPRINT",
                  "reversed": false,
                  "buttonLocation": "NONE",
                  "pressurePlaceLocation": "NONE",
                  "keyMetas": []
                }
              }
            },
            {
              "face": "west",
              "config": {
                "type": "EXTERNAL",
                "wallConfiguration": [],
                "defaultPath": {
                  "type": "BLUEPRINT",
                  "reversed": false,
                  "buttonLocation": "NONE",
                  "pressurePlaceLocation": "NONE",
                  "keyMetas": []
                }
              }
            },
            {
              "face": "east",
              "config": {
                "type": "INTERNAL",
                "wallConfiguration": [],
                "defaultPath": {
                  "type": "BLUEPRINT",
                  "reversed": false,
                  "buttonLocation": "NONE",
                  "pressurePlaceLocation": "NONE",
                  "keyMetas": []
                }
              }
            },
            {
              "face": "south",
              "config": {
                "type": "EXTERNAL",
                "wallConfiguration": [],
                "defaultPath": {
                  "type": "BLUEPRINT",
                  "reversed": false,
                  "buttonLocation": "NONE",
                  "pressurePlaceLocation": "NONE",
                  "keyMetas": []
                }
              }
            }
          ],
          "roomID": 0
        },
        {
          "pos": [
            2,
            2,
            1
          ],
          "wallConfiguration": [
            {
              "face": "north",
              "config": {
                "type": "INTERNAL",
                "wallConfiguration": [],
                "defaultPath": {
                  "type": "BLUEPRINT",
                  "reversed": false,
                  "buttonLocation": "NONE",
                  "pressurePlaceLocation": "NONE",
                  "keyMetas": []
                }
              }
            },
            {
              "face": "west",
              "config": {
                "type": "INTERNAL",
                "wallConfiguration": [],
                "defaultPath": {
                  "type": "BLUEPRINT",
                  "reversed": false,
                  "buttonLocation": "NONE",
                  "pressurePlaceLocation": "NONE",
                  "keyMetas": []
                }
              }
            },
            {
              "face": "east",
              "config": {
                "type": "EXTERNAL",
                "wallConfiguration": [],
                "defaultPath": {
                  "type": "BLUEPRINT",
                  "reversed": false,
                  "buttonLocation": "NONE",
                  "pressurePlaceLocation": "NONE",
                  "keyMetas": []
                }
              }
            },
            {
              "face": "south",
              "config": {
                "type": "INTERNAL",
                "wallConfiguration": [],
                "defaultPath": {
                  "type": "BLUEPRINT",
                  "reversed": false,
                  "buttonLocation": "NONE",
                  "pressurePlaceLocation": "NONE",
                  "keyMetas": []
                }
              }
            }
          ],
          "roomID": 0
        },
        {
          "pos": [
            1,
            2,
            2
          ],
          "wallConfiguration": [
            {
              "face": "north",
              "config": {
                "type": "INTERNAL",
                "wallConfiguration": [],
                "defaultPath": {
                  "type": "BLUEPRINT",
                  "reversed": false,
                  "buttonLocation": "NONE",
                  "pressurePlaceLocation": "NONE",
                  "keyMetas": []
                }
              }
            },
            {
              "face": "west",
              "config": {
                "type": "INTERNAL",
                "wallConfiguration": [],
                "defaultPath": {
                  "type": "BLUEPRINT",
                  "reversed": false,
                  "buttonLocation": "NONE",
                  "pressurePlaceLocation": "NONE",
                  "keyMetas": []
                }
              }
            },
            {
              "face": "east",
              "config": {
                "type": "INTERNAL",
                "wallConfiguration": [],
                "defaultPath": {
                  "type": "BLUEPRINT",
                  "reversed": false,
                  "buttonLocation": "NONE",
                  "pressurePlaceLocation": "NONE",
                  "keyMetas": []
                }
              }
            },
            {
              "face": "south",
              "config": {
                "type": "EXTERNAL",
                "wallConfiguration": [],
                "defaultPath": {
                  "type": "BLUEPRINT",
                  "reversed": false,
                  "buttonLocation": "NONE",
                  "pressurePlaceLocation": "NONE",
                  "keyMetas": []
                }
              }
            }
          ],
          "roomID": 0
        },
        {
          "pos": [
            2,
            2,
            2
          ],
          "wallConfiguration": [
            {
              "face": "north",
              "config": {
                "type": "INTERNAL",
                "wallConfiguration": [],
                "defaultPath": {
                  "type": "BLUEPRINT",
                  "reversed": false,
                  "buttonLocation": "NONE",
                  "pressurePlaceLocation": "NONE",
                  "keyMetas": []
                }
              }
            },
            {
              "face": "west",
              "config": {
                "type": "INTERNAL",
                "wallConfiguration": [],
                "defaultPath": {
                  "type": "BLUEPRINT",
                  "reversed": false,
                  "buttonLocation": "NONE",
                  "pressurePlaceLocation": "NONE",
                  "keyMetas": []
                }
              }
            },
            {
              "face": "east",
              "config": {
                "type": "EXTERNAL",
                "wallConfiguration": [],
                "defaultPath": {
                  "type": "BLUEPRINT",
                  "reversed": false,
                  "buttonLocation": "NONE",
                  "pressurePlaceLocation": "NONE",
                  "keyMetas": []
                }
              }
            },
            {
              "face": "south",
              "config": {
                "type": "EXTERNAL",
                "wallConfiguration": [],
                "defaultPath": {
                  "type": "BLUEPRINT",
                  "reversed": false,
                  "buttonLocation": "NONE",
                  "pressurePlaceLocation": "NONE",
                  "keyMetas": []
                }
              }
            }
          ],
          "roomID": 0
        },
        {
          "pos": [
            0,
            2,
            0
          ],
          "wallConfiguration": [
            {
              "face": "north",
              "config": {
                "type": "EXTERNAL",
                "wallConfiguration": [],
                "defaultPath": {
                  "type": "BLUEPRINT",
                  "reversed": false,
                  "buttonLocation": "NONE",
                  "pressurePlaceLocation": "NONE",
                  "keyMetas": []
                }
              }
            },
            {
              "face": "west",
              "config": {
                "type": "EXTERNAL",
                "wallConfiguration": [],
                "defaultPath": {
                  "type": "BLUEPRINT",
                  "reversed": false,
                  "buttonLocation": "NONE",
                  "pressurePlaceLocation": "NONE",
                  "keyMetas": []
                }
              }
            },
            {
              "face": "east",
              "config": {
                "type": "INTERNAL",
                "wallConfiguration": [],
                "defaultPath": {
                  "type": "BLUEPRINT",
                  "reversed": false,
                  "buttonLocation": "NONE",
                  "pressurePlaceLocation": "NONE",
                  "keyMetas": []
                }
              }
            },
            {
              "face": "south",
              "config": {
                "type": "INTERNAL",
                "wallConfiguration": [],
                "defaultPath": {
                  "type": "BLUEPRINT",
                  "reversed": false,
                  "buttonLocation": "NONE",
                  "pressurePlaceLocation": "NONE",
                  "keyMetas": []
                }
              }
            }
          ],
          "roomID": 0
        },
        {
          "pos": [
            1,
            2,
            0
          ],
          "wallConfiguration": [
            {
              "face": "north",
              "config": {
                "type": "EXTERNAL",
                "wallConfiguration": [],
                "defaultPath": {
                  "type": "BLUEPRINT",
                  "reversed": false,
                  "buttonLocation": "NONE",
                  "pressurePlaceLocation": "NONE",
                  "keyMetas": []
                }
              }
            },
            {
              "face": "west",
              "config": {
                "type": "INTERNAL",
                "wallConfiguration": [],
                "defaultPath": {
                  "type": "BLUEPRINT",
                  "reversed": false,
                  "buttonLocation": "NONE",
                  "pressurePlaceLocation": "NONE",
                  "keyMetas": []
                }
              }
            },
            {
              "face": "east",
              "config": {
                "type": "INTERNAL",
                "wallConfiguration": [],
                "defaultPath": {
                  "type": "BLUEPRINT",
                  "reversed": false,
                  "buttonLocation": "NONE",
                  "pressurePlaceLocation": "NONE",
                  "keyMetas": []
                }
              }
            },
            {
              "face": "south",
              "config": {
                "type": "INTERNAL",
                "wallConfiguration": [],
                "defaultPath": {
                  "type": "BLUEPRINT",
                  "reversed": false,
                  "buttonLocation": "NONE",
                  "pressurePlaceLocation": "NONE",
                  "keyMetas": []
                }
              }
            }
          ],
          "roomID": 0
        },
        {
          "pos": [
            0,
            2,
            1
          ],
          "wallConfiguration": [
            {
              "face": "north",
              "config": {
                "type": "INTERNAL",
                "wallConfiguration": [],
                "defaultPath": {
                  "type": "BLUEPRINT",
                  "reversed": false,
                  "buttonLocation": "NONE",
                  "pressurePlaceLocation": "NONE",
                  "keyMetas": []
                }
              }
            },
            {
              "face": "west",
              "config": {
                "type": "EXTERNAL",
                "wallConfiguration": [],
                "defaultPath": {
                  "type": "BLUEPRINT",
                  "reversed": false,
                  "buttonLocation": "NONE",
                  "pressurePlaceLocation": "NONE",
                  "keyMetas": []
                }
              }
            },
            {
              "face": "east",
              "config": {
                "type": "INTERNAL",
                "wallConfiguration": [],
                "defaultPath": {
                  "type": "BLUEPRINT",
                  "reversed": false,
                  "buttonLocation": "NONE",
                  "pressurePlaceLocation": "NONE",
                  "keyMetas": []
                }
              }
            },
            {
              "face": "south",
              "config": {
                "type": "INTERNAL",
                "wallConfiguration": [],
                "defaultPath": {
                  "type": "BLUEPRINT",
                  "reversed": false,
                  "buttonLocation": "NONE",
                  "pressurePlaceLocation": "NONE",
                  "keyMetas": []
                }
              }
            }
          ],
          "roomID": 0
        }
      ],
      "tagList": [
        "primary",
        "door"
      ],
      "canPlayerSpawn": true,
      "doors": []
    },
    {
      "pos": [
        0,
        0,
        0
      ],
      "name": "SeedSpawn_1",
      "color": -256,
      "type": "SEED_SPAWN",
      "canProceed": false,
      "isDone": false,
      "completionTime": 0,
      "uuid": "385ee6a8-4360-47f0-ad3f-10d4f1e71292",
      "stepCount": 0
    },
    {
      "pos": [
        1,
        4,
        1
      ],
      "name": "World Builder 1",
      "color": -16711936,
      "type": "WORLDGEN",
      "canProceed": false,
      "isDone": false,
      "completionTime": 0,
      "uuid": "49ce258f-89e1-4d4f-88df-fad0142f4152",
      "pos2": [
        30,
        4,
        30
      ],
      "count": 0,
      "genType": "BLOCK_LIST",
      "blockList": [
        {
          "blockPos": [
            3,
            17,
            8
          ],
          "blockDef": {
            "blockName": "minecraft:glass",
            "blockMeta": 0
          }
        },
        {
          "blockPos": [
            8,
            17,
            4
          ],
          "blockDef": {
            "blockName": "polycraft:block_of_copper",
            "blockMeta": 0
          }
        },
        {
          "blockPos": [
            4,
            17,
            8
          ],
          "blockDef": {
            "blockName": "minecraft:glass",
            "blockMeta": 0
          }
        },
        {
          "blockPos": [
            3,
            17,
            9
          ],
          "blockDef": {
            "blockName": "minecraft:glass",
            "blockMeta": 0
          }
        },
        {
          "blockPos": [
            9,
            17,
            4
          ],
          "blockDef": {
            "blockName": "polycraft:block_of_copper",
            "blockMeta": 0
          }
        },
        {
          "blockPos": [
            8,
            17,
            5
          ],
          "blockDef": {
            "blockName": "polycraft:block_of_copper",
            "blockMeta": 0
          }
        },
        {
          "blockPos": [
            11,
            17,
            3
          ],
          "blockDef": {
            "blockName": "minecraft:crafting_table",
            "blockMeta": 0
          }
        },
        {
          "blockPos": [
            9,
            17,
            5
          ],
          "blockDef": {
            "blockName": "polycraft:block_of_copper",
            "blockMeta": 0
          }
        },
        {
          "blockPos": [
            6,
            17,
            11
          ],
          "blockDef": {
            "blockName": "minecraft:diamond_block",
            "blockMeta": 0
          }
        },
        {
          "blockPos": [
            7,
            17,
            11
          ],
          "blockDef": {
            "blockName": "minecraft:diamond_block",
            "blockMeta": 0
          }
        },
        {
          "blockPos": [
            6,
            17,
            12
          ],
          "blockDef": {
            "blockName": "minecraft:diamond_block",
            "blockMeta": 0
          }
        },
        {
          "blockPos": [
            12,
            17,
            8
          ],
          "blockDef": {
            "blockName": "minecraft:clay",
            "blockMeta": 0
          }
        },
        {
          "blockPos": [
            13,
            17,
            8
          ],
          "blockDef": {
            "blockName": "minecraft:clay",
            "blockMeta": 0
          }
        },
        {
          "blockPos": [
            18,
            17,
            6
          ],
          "blockDef": {
            "blockName": "polycraft:block_of_titanium",
            "blockMeta": 0
          }
        },
        {
          "blockPos": [
            4,
            17,
            20
          ],
          "blockDef": {
            "blockName": "minecraft:stone",
            "blockMeta": 0
          }
        },
        {
          "blockPos": [
            19,
            17,
            6
          ],
          "blockDef": {
            "blockName": "polycraft:block_of_titanium",
            "blockMeta": 0
          }
        },
        {
          "blockPos": [
            5,
            17,
            20
          ],
          "blockDef": {
            "blockName": "minecraft:stone",
            "blockMeta": 0
          }
        },
        {
          "blockPos": [
            16,
            17,
            12
          ],
          "blockDef": {
            "blockName": "polycraft:block_of_silicon",
            "blockMeta": 0
          }
        },
        {
          "blockPos": [
            17,
            17,
            12
          ],
          "blockDef": {
            "blockName": "polycraft:block_of_silicon",
            "blockMeta": 0
          }
        },
        {
          "blockPos": [
            16,
            17,
            14
          ],
          "blockDef": {
            "blockName": "polycraft:bauxite",
            "blockMeta": 0
          }
        },
        {
          "blockPos": [
            17,
            17,
            14
          ],
          "blockDef": {
            "blockName": "polycraft:bauxite",
            "blockMeta": 0
          }
        },
        {
          "blockPos": [
            16,
            17,
            15
          ],
          "blockDef": {
            "blockName": "polycraft:bauxite",
            "blockMeta": 0
          }
        },
        {
          "blockPos": [
            17,
            17,
            15
          ],
          "blockDef": {
            "blockName": "polycraft:bauxite",
            "blockMeta": 0
          }
        },
        {
          "blockPos": [
            20,
            17,
            13
          ],
          "blockDef": {
            "blockName": "minecraft:log",
            "blockMeta": 0
          }
        },
        {
          "blockPos": [
            21,
            17,
            13
          ],
          "blockDef": {
            "blockName": "minecraft:log",
            "blockMeta": 0
          }
        },
        {
          "blockPos": [
            20,
            17,
            14
          ],
          "blockDef": {
            "blockName": "minecraft:log",
            "blockMeta": 0
          }
        },
        {
          "blockPos": [
            21,
            17,
            14
          ],
          "blockDef": {
            "blockName": "minecraft:log",
            "blockMeta": 0
          }
        }
      ]
    },
    {
      "pos": [
        0,
        17,
        0
      ],
      "name": "map",
      "color": -256,
      "type": "DATA",
      "canProceed": true,
      "isDone": false,
      "completionTime": 0,
      "uuid": "13c61ece-c819-4586-be99-e0466f35d2dd",
      "pos2": [
        23,
        18,
        23
      ],
      "data": " "
    },
    {
      "pos": [
        2,
        4,
        2
      ],
      "name": "Recipe Override5",
      "color": -16711936,
      "type": "RECIPE_OVERRIDE",
      "canProceed": false,
      "isDone": false,
      "completionTime": 0,
      "uuid": "77d4b6aa-348f-4233-899e-c49f14efa21e",
      "recipeListConfig": [
        {
          "inputs": [
            {
              "slotIndex": 0,
              "itemStacks": [
                {
                  "name": "minecraft:planks",
                  "stackSize": 1
                }
              ]
            },
            {
              "slotIndex": 1,
              "itemStacks": [
                {
                  "name": "minecraft:stick",
                  "stackSize": 1
                }
              ]
            },
            {
              "slotIndex": 2,
              "itemStacks": [
                {
                  "name": "minecraft:planks",
                  "stackSize": 1
                }
              ]
            },
            {
              "slotIndex": 3,
              "itemStacks": [
                {
                  "name": "minecraft:planks",
                  "stackSize": 1
                }
              ]
            },
            {
              "slotIndex": 5,
              "itemStacks": [
                {
                  "name": "minecraft:planks",
                  "stackSize": 1
                }
              ]
            },
            {
              "slotIndex": 7,
              "itemStacks": [
                {
                  "name": "minecraft:planks",
                  "stackSize": 1
                }
              ]
            }
          ],
          "outputs": [
            {
              "slotIndex": 9,
              "itemStack": {
                "name": "polycraft:tree_tap",
                "stackSize": 1
              }
            }
          ],
          "containerType": "CRAFTING_TABLE"
        },
        {
          "inputs": [
            {
              "slotIndex": 0,
              "itemStacks": [
                {
                  "name": "minecraft:stick",
                  "stackSize": 1
                }
              ]
            },
            {
              "slotIndex": 1,
              "itemStacks": [
                {
                  "name": "polycraft:block_of_titanium",
                  "stackSize": 1
                }
              ]
            },
            {
              "slotIndex": 2,
              "itemStacks": [
                {
                  "name": "minecraft:stick",
                  "stackSize": 1
                }
              ]
            },
            {
              "slotIndex": 3,
              "itemStacks": [
                {
                  "name": "minecraft:diamond_block",
                  "stackSize": 1
                }
              ]
            },
            {
              "slotIndex": 4,
              "itemStacks": [
                {
                  "name": "polycraft:block_of_titanium",
                  "stackSize": 1
                }
              ]
            },
            {
              "slotIndex": 5,
              "itemStacks": [
                {
                  "name": "minecraft:diamond_block",
                  "stackSize": 1
                }
              ]
            },
            {
              "slotIndex": 7,
              "itemStacks": [
                {
                  "name": "polycraft:sack_polyisoprene_pellets",
                  "stackSize": 1
                }
              ]
            }
          ],
          "outputs": [
            {
              "slotIndex": 9,
              "itemStack": {
                "name": "polycraft:wooden_pogo_stick",
                "stackSize": 1
              }
            }
          ],
          "containerType": "CRAFTING_TABLE"
        },
        {
          "inputs": [
            {
              "slotIndex": -1,
              "itemStacks": [
                {
                  "name": "minecraft:log",
                  "stackSize": 1
                }
              ]
            }
          ],
          "outputs": [
            {
              "slotIndex": 9,
              "itemStack": {
                "name": "minecraft:planks",
                "stackSize": 4
              }
            }
          ],
          "containerType": "CRAFTING_TABLE"
        },
        {
          "inputs": [
            {
              "slotIndex": 0,
              "itemStacks": [
                {
                  "name": "minecraft:planks",
                  "stackSize": 1
                }
              ]
            },
            {
              "slotIndex": 3,
              "itemStacks": [
                {
                  "name": "minecraft:planks",
                  "stackSize": 1
                }
              ]
            }
          ],
          "outputs": [
            {
              "slotIndex": 9,
              "itemStack": {
                "name": "minecraft:stick",
                "stackSize": 4
              }
            }
          ],
          "containerType": "CRAFTING_TABLE"
        },
        {
          "inputs": [
            {
              "slotIndex": 0,
              "itemStacks": [
                {
                  "name": "minecraft:planks",
                  "stackSize": 1
                }
              ]
            },
            {
              "slotIndex": 1,
              "itemStacks": [
                {
                  "name": "minecraft:planks",
                  "stackSize": 1
                }
              ]
            },
            {
              "slotIndex": 3,
              "itemStacks": [
                {
                  "name": "minecraft:planks",
                  "stackSize": 1
                }
              ]
            },
            {
              "slotIndex": 4,
              "itemStacks": [
                {
                  "name": "minecraft:planks",
                  "stackSize": 1
                }
              ]
            }
          ],
          "outputs": [
            {
              "slotIndex": 9,
              "itemStack": {
                "name": "minecraft:crafting_table",
                "stackSize": 1
              }
            }
          ],
          "containerType": "CRAFTING_TABLE"
        },
        {
          "inputs": [
            {
              "slotIndex": 0,
              "itemStacks": [
                {
                  "name": "minecraft:diamond",
                  "stackSize": 1
                }
              ]
            },
            {
              "slotIndex": 1,
              "itemStacks": [
                {
                  "name": "minecraft:diamond",
                  "stackSize": 1
                }
              ]
            },
            {
              "slotIndex": 2,
              "itemStacks": [
                {
                  "name": "minecraft:diamond",
                  "stackSize": 1
                }
              ]
            },
            {
              "slotIndex": 3,
              "itemStacks": [
                {
                  "name": "minecraft:diamond",
                  "stackSize": 1
                }
              ]
            },
            {
              "slotIndex": 4,
              "itemStacks": [
                {
                  "name": "minecraft:diamond",
                  "stackSize": 1
                }
              ]
            },
            {
              "slotIndex": 5,
              "itemStacks": [
                {
                  "name": "minecraft:diamond",
                  "stackSize": 1
                }
              ]
            },
            {
              "slotIndex": 6,
              "itemStacks": [
                {
                  "name": "minecraft:diamond",
                  "stackSize": 1
                }
              ]
            },
            {
              "slotIndex": 7,
              "itemStacks": [
                {
                  "name": "minecraft:diamond",
                  "stackSize": 1
                }
              ]
            },
            {
              "slotIndex": 8,
              "itemStacks": [
                {
                  "name": "minecraft:diamond",
                  "stackSize": 1
                }
              ]
            }
          ],
          "outputs": [
            {
              "slotIndex": 9,
              "itemStack": {
                "name": "minecraft:diamond_block",
                "stackSize": 1
              }
            }
          ],
          "containerType": "CRAFTING_TABLE"
        },
        {
          "inputs": [
            {
              "slotIndex": 7,
              "itemStacks": [
                {
                  "name": "polycraft:block_of_titanium",
                  "stackSize": 1
                }
              ]
            },
            {
              "slotIndex": 6,
              "itemStacks": [
                {
                  "name": "minecraft:log",
                  "stackSize": 1
                }
              ]
            },
            {
              "slotIndex": 3,
              "itemStacks": [
                {
                  "name": "polycraft:cartridge_propane",
                  "stackSize": 1
                }
              ]
            },
            {
              "slotIndex": 4,
              "itemStacks": [
                {
                  "name": "polycraft:kevlar_vest",
                  "stackSize": 1
                }
              ]
            },
            {
              "slotIndex": 2,
              "itemStacks": [
                {
                  "name": "polycraft:hose_low_pressure",
                  "stackSize": 1
                }
              ]
            },
            {
              "slotIndex": 8,
              "itemStacks": [
                {
                  "name": "minecraft:log",
                  "stackSize": 1
                }
              ]
            },
            {
              "slotIndex": 5,
              "itemStacks": [
                {
                  "name": "polycraft:block_of_titanium",
                  "stackSize": 1
                }
              ]
            },
            {
              "slotIndex": 1,
              "itemStacks": [
                {
                  "name": "polycraft:regulator_medium_pressure",
                  "stackSize": 1
                }
              ]
            },
            {
              "slotIndex": 0,
              "itemStacks": [
                {
                  "name": "polycraft:hose_low_pressure",
                  "stackSize": 1
                }
              ]
            }
          ],
          "outputs": [
            {
              "slotIndex": 9,
              "itemStack": {
                "name": "polycraft:jet_pack_beginner",
                "stackSize": 1
              }
            }
          ],
          "containerType": "CRAFTING_TABLE"
        },
        {
          "inputs": [
            {
              "slotIndex": 7,
              "itemStacks": [
                {
                  "name": "minecraft:nether_star",
                  "stackSize": 1
                }
              ]
            },
            {
              "slotIndex": 6,
              "itemStacks": [
                {
                  "name": "minecraft:clay",
                  "stackSize": 1
                }
              ]
            },
            {
              "slotIndex": 3,
              "itemStacks": [
                {
                  "name": "minecraft:nether_star",
                  "stackSize": 1
                }
              ]
            },
            {
              "slotIndex": 4,
              "itemStacks": [
                {
                  "name": "minecraft:redstone_block",
                  "stackSize": 1
                }
              ]
            },
            {
              "slotIndex": 2,
              "itemStacks": [
                {
                  "name": "polycraft:block_of_titanium",
                  "stackSize": 1
                }
              ]
            },
            {
              "slotIndex": 8,
              "itemStacks": [
                {
                  "name": "minecraft:clay",
                  "stackSize": 1
                }
              ]
            },
            {
              "slotIndex": 5,
              "itemStacks": [
                {
                  "name": "minecraft:nether_star",
                  "stackSize": 1
                }
              ]
            },
            {
              "slotIndex": 1,
              "itemStacks": [
                {
                  "name": "minecraft:nether_star",
                  "stackSize": 1
                }
              ]
            },
            {
              "slotIndex": 0,
              "itemStacks": [
                {
                  "name": "polycraft:block_of_titanium",
                  "stackSize": 1
                }
              ]
            }
          ],
          "outputs": [
            {
              "slotIndex": 9,
              "itemStack": {
                "name": "polycraft:laser",
                "stackSize": 1
              }
            }
          ],
          "containerType": "CRAFTING_TABLE"
        },
        {
          "inputs": [
            {
              "slotIndex": 7,
              "itemStacks": [
                {
                  "name": "minecraft:glass",
                  "stackSize": 1
                }
              ]
            },
            {
              "slotIndex": 6,
              "itemStacks": [
                {
                  "name": "minecraft:glass",
                  "stackSize": 1
                }
              ]
            },
            {
              "slotIndex": 3,
              "itemStacks": [
                {
                  "name": "polycraft:processor",
                  "stackSize": 1
                }
              ]
            },
            {
              "slotIndex": 4,
              "itemStacks": [
                {
                  "name": "polycraft:amplifier",
                  "stackSize": 1
                }
              ]
            },
            {
              "slotIndex": 2,
              "itemStacks": [
                {
                  "name": "polycraft:oled_array",
                  "stackSize": 1
                }
              ]
            },
            {
              "slotIndex": 8,
              "itemStacks": [
                {
                  "name": "polycraft:block_of_titanium",
                  "stackSize": 1
                }
              ]
            },
            {
              "slotIndex": 5,
              "itemStacks": [
                {
                  "name": "polycraft:block_of_titanium",
                  "stackSize": 1
                }
              ]
            },
            {
              "slotIndex": 1,
              "itemStacks": [
                {
                  "name": "polycraft:cell_phone_case_san",
                  "stackSize": 1
                }
              ]
            },
            {
              "slotIndex": 0,
              "itemStacks": [
                {
                  "name": "polycraft:low_power_radio",
                  "stackSize": 1
                }
              ]
            }
          ],
          "outputs": [
            {
              "slotIndex": 9,
              "itemStack": {
                "name": "polycraft:cell_phone",
                "stackSize": 1
              }
            }
          ],
          "containerType": "CRAFTING_TABLE"
        }
      ],
      "perceivedRecipeListConfig": [
        {
          "inputs": [
            {
              "slotIndex": 0,
              "itemStacks": [
                {
                  "name": "minecraft:planks",
                  "stackSize": 1
                }
              ]
            },
            {
              "slotIndex": 3,
              "itemStacks": [
                {
                  "name": "minecraft:planks",
                  "stackSize": 1
                }
              ]
            }
          ],
          "outputs": [
            {
              "slotIndex": 9,
              "itemStack": {
                "name": "minecraft:stick",
                "stackSize": 4
              }
            }
          ],
          "containerType": "CRAFTING_TABLE"
        },
        {
          "inputs": [
            {
              "slotIndex": 0,
              "itemStacks": [
                {
                  "name": "minecraft:planks",
                  "stackSize": 1
                }
              ]
            },
            {
              "slotIndex": 1,
              "itemStacks": [
                {
                  "name": "minecraft:stick",
                  "stackSize": 1
                }
              ]
            },
            {
              "slotIndex": 2,
              "itemStacks": [
                {
                  "name": "minecraft:planks",
                  "stackSize": 1
                }
              ]
            },
            {
              "slotIndex": 3,
              "itemStacks": [
                {
                  "name": "minecraft:planks",
                  "stackSize": 1
                }
              ]
            },
            {
              "slotIndex": 5,
              "itemStacks": [
                {
                  "name": "minecraft:planks",
                  "stackSize": 1
                }
              ]
            },
            {
              "slotIndex": 7,
              "itemStacks": [
                {
                  "name": "minecraft:planks",
                  "stackSize": 1
                }
              ]
            }
          ],
          "outputs": [
            {
              "slotIndex": 9,
              "itemStack": {
                "name": "polycraft:tree_tap",
                "stackSize": 1
              }
            }
          ],
          "containerType": "CRAFTING_TABLE"
        },
        {
          "inputs": [
            {
              "slotIndex": 0,
              "itemStacks": [
                {
                  "name": "minecraft:planks",
                  "stackSize": 1
                }
              ]
            },
            {
              "slotIndex": 1,
              "itemStacks": [
                {
                  "name": "minecraft:planks",
                  "stackSize": 1
                }
              ]
            },
            {
              "slotIndex": 3,
              "itemStacks": [
                {
                  "name": "minecraft:planks",
                  "stackSize": 1
                }
              ]
            },
            {
              "slotIndex": 4,
              "itemStacks": [
                {
                  "name": "minecraft:planks",
                  "stackSize": 1
                }
              ]
            }
          ],
          "outputs": [
            {
              "slotIndex": 9,
              "itemStack": {
                "name": "minecraft:crafting_table",
                "stackSize": 1
              }
            }
          ],
          "containerType": "CRAFTING_TABLE"
        },
        {
          "inputs": [
            {
              "slotIndex": 0,
              "itemStacks": [
                {
                  "name": "minecraft:stick",
                  "stackSize": 1
                }
              ]
            },
            {
              "slotIndex": 1,
              "itemStacks": [
                {
                  "name": "polycraft:block_of_titanium",
                  "stackSize": 1
                }
              ]
            },
            {
              "slotIndex": 2,
              "itemStacks": [
                {
                  "name": "minecraft:stick",
                  "stackSize": 1
                }
              ]
            },
            {
              "slotIndex": 3,
              "itemStacks": [
                {
                  "name": "minecraft:diamond_block",
                  "stackSize": 1
                }
              ]
            },
            {
              "slotIndex": 4,
              "itemStacks": [
                {
                  "name": "polycraft:block_of_titanium",
                  "stackSize": 1
                }
              ]
            },
            {
              "slotIndex": 5,
              "itemStacks": [
                {
                  "name": "minecraft:diamond_block",
                  "stackSize": 1
                }
              ]
            },
            {
              "slotIndex": 7,
              "itemStacks": [
                {
                  "name": "polycraft:sack_polyisoprene_pellets",
                  "stackSize": 1
                }
              ]
            }
          ],
          "outputs": [
            {
              "slotIndex": 9,
              "itemStack": {
                "name": "polycraft:wooden_pogo_stick",
                "stackSize": 1
              }
            }
          ],
          "containerType": "CRAFTING_TABLE"
        },
        {
          "inputs": [
            {
              "slotIndex": 0,
              "itemStacks": [
                {
                  "name": "minecraft:diamond",
                  "stackSize": 1
                }
              ]
            },
            {
              "slotIndex": 1,
              "itemStacks": [
                {
                  "name": "minecraft:diamond",
                  "stackSize": 1
                }
              ]
            },
            {
              "slotIndex": 2,
              "itemStacks": [
                {
                  "name": "minecraft:diamond",
                  "stackSize": 1
                }
              ]
            },
            {
              "slotIndex": 3,
              "itemStacks": [
                {
                  "name": "minecraft:diamond",
                  "stackSize": 1
                }
              ]
            },
            {
              "slotIndex": 4,
              "itemStacks": [
                {
                  "name": "minecraft:diamond",
                  "stackSize": 1
                }
              ]
            },
            {
              "slotIndex": 5,
              "itemStacks": [
                {
                  "name": "minecraft:diamond",
                  "stackSize": 1
                }
              ]
            },
            {
              "slotIndex": 6,
              "itemStacks": [
                {
                  "name": "minecraft:diamond",
                  "stackSize": 1
                }
              ]
            },
            {
              "slotIndex": 7,
              "itemStacks": [
                {
                  "name": "minecraft:diamond",
                  "stackSize": 1
                }
              ]
            },
            {
              "slotIndex": 8,
              "itemStacks": [
                {
                  "name": "minecraft:diamond",
                  "stackSize": 1
                }
              ]
            }
          ],
          "outputs": [
            {
              "slotIndex": 9,
              "itemStack": {
                "name": "minecraft:diamond_block",
                "stackSize": 1
              }
            }
          ],
          "containerType": "CRAFTING_TABLE"
        },
        {
          "inputs": [
            {
              "slotIndex": -1,
              "itemStacks": [
                {
                  "name": "minecraft:log",
                  "stackSize": 1
                }
              ]
            }
          ],
          "outputs": [
            {
              "slotIndex": 9,
              "itemStack": {
                "name": "minecraft:planks",
                "stackSize": 4
              }
            }
          ],
          "containerType": "CRAFTING_TABLE"
        },
        {
          "inputs": [
            {
              "slotIndex": 7,
              "itemStacks": [
                {
                  "name": "polycraft:block_of_titanium",
                  "stackSize": 1
                }
              ]
            },
            {
              "slotIndex": 6,
              "itemStacks": [
                {
                  "name": "minecraft:log",
                  "stackSize": 1
                }
              ]
            },
            {
              "slotIndex": 3,
              "itemStacks": [
                {
                  "name": "polycraft:cartridge_propane",
                  "stackSize": 1
                }
              ]
            },
            {
              "slotIndex": 4,
              "itemStacks": [
                {
                  "name": "polycraft:kevlar_vest",
                  "stackSize": 1
                }
              ]
            },
            {
              "slotIndex": 2,
              "itemStacks": [
                {
                  "name": "polycraft:hose_low_pressure",
                  "stackSize": 1
                }
              ]
            },
            {
              "slotIndex": 8,
              "itemStacks": [
                {
                  "name": "minecraft:log",
                  "stackSize": 1
                }
              ]
            },
            {
              "slotIndex": 5,
              "itemStacks": [
                {
                  "name": "polycraft:block_of_titanium",
                  "stackSize": 1
                }
              ]
            },
            {
              "slotIndex": 1,
              "itemStacks": [
                {
                  "name": "polycraft:regulator_medium_pressure",
                  "stackSize": 1
                }
              ]
            },
            {
              "slotIndex": 0,
              "itemStacks": [
                {
                  "name": "polycraft:hose_low_pressure",
                  "stackSize": 1
                }
              ]
            }
          ],
          "outputs": [
            {
              "slotIndex": 9,
              "itemStack": {
                "name": "polycraft:jet_pack_beginner",
                "stackSize": 1
              }
            }
          ],
          "containerType": "CRAFTING_TABLE"
        },
        {
          "inputs": [
            {
              "slotIndex": 7,
              "itemStacks": [
                {
                  "name": "minecraft:nether_star",
                  "stackSize": 1
                }
              ]
            },
            {
              "slotIndex": 6,
              "itemStacks": [
                {
                  "name": "minecraft:clay",
                  "stackSize": 1
                }
              ]
            },
            {
              "slotIndex": 3,
              "itemStacks": [
                {
                  "name": "minecraft:nether_star",
                  "stackSize": 1
                }
              ]
            },
            {
              "slotIndex": 4,
              "itemStacks": [
                {
                  "name": "minecraft:redstone_block",
                  "stackSize": 1
                }
              ]
            },
            {
              "slotIndex": 2,
              "itemStacks": [
                {
                  "name": "polycraft:block_of_titanium",
                  "stackSize": 1
                }
              ]
            },
            {
              "slotIndex": 8,
              "itemStacks": [
                {
                  "name": "minecraft:clay",
                  "stackSize": 1
                }
              ]
            },
            {
              "slotIndex": 5,
              "itemStacks": [
                {
                  "name": "minecraft:nether_star",
                  "stackSize": 1
                }
              ]
            },
            {
              "slotIndex": 1,
              "itemStacks": [
                {
                  "name": "minecraft:nether_star",
                  "stackSize": 1
                }
              ]
            },
            {
              "slotIndex": 0,
              "itemStacks": [
                {
                  "name": "polycraft:block_of_titanium",
                  "stackSize": 1
                }
              ]
            }
          ],
          "outputs": [
            {
              "slotIndex": 9,
              "itemStack": {
                "name": "polycraft:laser",
                "stackSize": 1
              }
            }
          ],
          "containerType": "CRAFTING_TABLE"
        },
        {
          "inputs": [
            {
              "slotIndex": 7,
              "itemStacks": [
                {
                  "name": "minecraft:glass",
                  "stackSize": 1
                }
              ]
            },
            {
              "slotIndex": 6,
              "itemStacks": [
                {
                  "name": "minecraft:glass",
                  "stackSize": 1
                }
              ]
            },
            {
              "slotIndex": 3,
              "itemStacks": [
                {
                  "name": "polycraft:processor",
                  "stackSize": 1
                }
              ]
            },
            {
              "slotIndex": 4,
              "itemStacks": [
                {
                  "name": "polycraft:amplifier",
                  "stackSize": 1
                }
              ]
            },
            {
              "slotIndex": 2,
              "itemStacks": [
                {
                  "name": "polycraft:oled_array",
                  "stackSize": 1
                }
              ]
            },
            {
              "slotIndex": 8,
              "itemStacks": [
                {
                  "name": "polycraft:block_of_titanium",
                  "stackSize": 1
                }
              ]
            },
            {
              "slotIndex": 5,
              "itemStacks": [
                {
                  "name": "polycraft:block_of_titanium",
                  "stackSize": 1
                }
              ]
            },
            {
              "slotIndex": 1,
              "itemStacks": [
                {
                  "name": "polycraft:cell_phone_case_san",
                  "stackSize": 1
                }
              ]
            },
            {
              "slotIndex": 0,
              "itemStacks": [
                {
                  "name": "polycraft:low_power_radio",
                  "stackSize": 1
                }
              ]
            }
          ],
          "outputs": [
            {
              "slotIndex": 9,
              "itemStack": {
                "name": "polycraft:cell_phone",
                "stackSize": 1
              }
            }
          ],
          "containerType": "CRAFTING_TABLE"
        }
      ]
    },
    {
      "pos": [
        3,
        4,
        6
      ],
      "name": "Add Items 6",
      "color": -256,
      "type": "ADD_ITEMS",
      "canProceed": false,
      "isDone": false,
      "completionTime": 0,
      "uuid": "3333fbee-cb96-42d2-b7f2-50dcca3dcf00",
      "itemList": [
        {
          "slot": 97,
          "itemDef": {
            "itemName": "polycraft:expitem",
            "itemMeta": 0,
            "count": 1,
            "nameOverride": "polycraft:hatchet_5",
            "toolType": "HATCHET",
            "efficiency": 0.16000648
          }
        },
        {
          "slot": 66,
          "itemDef": {
            "itemName": "polycraft:expitem",
            "itemMeta": 0,
            "count": 1,
            "nameOverride": "polycraft:shovel_10",
            "toolType": "SHOVEL",
            "efficiency": 0.17971158
          }
        },
        {
          "slot": 3,
          "itemDef": {
            "itemName": "minecraft:nether_star",
            "itemMeta": 0,
            "count": 4
          }
        },
        {
          "slot": 38,
          "itemDef": {
            "itemName": "polycraft:expitem",
            "itemMeta": 0,
            "count": 1,
            "nameOverride": "polycraft:pickaxe_8",
            "toolType": "PICKAXE",
            "efficiency": 0.56164736
          }
        },
        {
          "slot": 8,
          "itemDef": {
            "itemName": "polycraft:cartridge_propane",
            "itemMeta": 0,
            "count": 2
          }
        },
        {
          "slot": 9,
          "itemDef": {
            "itemName": "polycraft:regulator_medium_pressure",
            "itemMeta": 0,
            "count": 1
          }
        },
        {
          "slot": 10,
          "itemDef": {
            "itemName": "polycraft:cell_phone_case_san",
            "itemMeta": 0,
            "count": 2
          }
        },
        {
          "slot": 44,
          "itemDef": {
            "itemName": "polycraft:expitem",
            "itemMeta": 0,
            "count": 1,
            "nameOverride": "polycraft:pickaxe_16",
            "toolType": "PICKAXE",
            "efficiency": 0.693006
          }
        },
        {
          "slot": 13,
          "itemDef": {
            "itemName": "polycraft:kevlar_vest",
            "itemMeta": 0,
            "count": 1
          }
        },
        {
          "slot": 14,
          "itemDef": {
            "itemName": "polycraft:hose_low_pressure",
            "itemMeta": 0,
            "count": 2
          }
        },
        {
          "slot": 15,
          "itemDef": {
            "itemName": "polycraft:processor",
            "itemMeta": 0,
            "count": 1
          }
        },
        {
          "slot": 18,
          "itemDef": {
            "itemName": "polycraft:expitem",
            "itemMeta": 0,
            "count": 1,
            "nameOverride": "polycraft:glasscutter_2",
            "toolType": "GLASSCUTTER",
            "efficiency": 0.37136576
          }
        },
        {
          "slot": 51,
          "itemDef": {
            "itemName": "polycraft:expitem",
            "itemMeta": 0,
            "count": 1,
            "nameOverride": "polycraft:glasscutter_3",
            "toolType": "GLASSCUTTER",
            "efficiency": 0.8391229
          }
        },
        {
          "slot": 20,
          "itemDef": {
            "itemName": "polycraft:expitem",
            "itemMeta": 0,
            "count": 1,
            "nameOverride": "polycraft:shovel_13",
            "toolType": "SHOVEL",
            "efficiency": 0.7955516
          }
        },
        {
          "slot": 23,
          "itemDef": {
            "itemName": "polycraft:amplifier",
            "itemMeta": 0,
            "count": 1
          }
        },
        {
          "slot": 25,
          "itemDef": {
            "itemName": "minecraft:redstone_block",
            "itemMeta": 0,
            "count": 1
          }
        },
        {
          "slot": 90,
          "itemDef": {
            "itemName": "polycraft:expitem",
            "itemMeta": 0,
            "count": 1,
            "nameOverride": "polycraft:hatchet_8",
            "toolType": "HATCHET",
            "efficiency": 0.34372103
          }
        },
        {
          "slot": 27,
          "itemDef": {
            "itemName": "polycraft:oled_array",
            "itemMeta": 0,
            "count": 1
          }
        },
        {
          "slot": 30,
          "itemDef": {
            "itemName": "polycraft:low_power_radio",
            "itemMeta": 0,
            "count": 1
          }
        }
      ]
    },
    {
      "pos": [
        0,
        4,
        0
      ],
      "name": "Tool Type Lookup",
      "color": -8355712,
      "type": "EFFICIENCY_TYPE_LOOKUP",
      "canProceed": false,
      "isDone": false,
      "completionTime": 0,
      "uuid": "388ac957-f9b9-4f69-8122-e994d741bfc3",
      "efficiencyLevelLookup": [
        {
          "block": "minecraft:diamond_block",
          "SHOVEL": "BAD",
          "HATCHET": "BAD",
          "SCREWDRIVER": "BAD",
          "HAMMER": "BAD",
          "DRILL": "BAD",
          "GLASSCUTTER": "BAD",
          "PICKAXE": "GOOD"
        },
        {
          "block": "minecraft:stone",
          "SHOVEL": "BAD",
          "HATCHET": "BAD",
          "SCREWDRIVER": "BAD",
          "HAMMER": "BAD",
          "DRILL": "BAD",
          "GLASSCUTTER": "BAD",
          "PICKAXE": "GOOD"
        },
        {
          "block": "polycraft:block_of_copper",
          "SHOVEL": "BAD",
          "HATCHET": "BAD",
          "SCREWDRIVER": "BAD",
          "HAMMER": "BAD",
          "DRILL": "GREAT",
          "GLASSCUTTER": "BAD",
          "PICKAXE": "GOOD"
        },
        {
          "block": "minecraft:clay",
          "SHOVEL": "GOOD",
          "HATCHET": "BAD",
          "SCREWDRIVER": "BAD",
          "HAMMER": "BAD",
          "DRILL": "BAD",
          "GLASSCUTTER": "BAD",
          "PICKAXE": "BAD"
        },
        {
          "block": "minecraft:glass",
          "SHOVEL": "BAD",
          "HATCHET": "BAD",
          "SCREWDRIVER": "BAD",
          "HAMMER": "BAD",
          "DRILL": "BAD",
          "GLASSCUTTER": "GOOD",
          "PICKAXE": "BAD"
        },
        {
          "block": "polycraft:block_of_silicon",
          "SHOVEL": "BAD",
          "HATCHET": "BAD",
          "SCREWDRIVER": "BAD",
          "HAMMER": "BAD",
          "DRILL": "GREAT",
          "GLASSCUTTER": "BAD",
          "PICKAXE": "GOOD"
        },
        {
          "block": "minecraft:log",
          "SHOVEL": "BAD",
          "HATCHET": "GOOD",
          "SCREWDRIVER": "BAD",
          "HAMMER": "BAD",
          "DRILL": "GOOD",
          "GLASSCUTTER": "BAD",
          "PICKAXE": "BAD"
        },
        {
          "block": "polycraft:bauxite",
          "SHOVEL": "BAD",
          "HATCHET": "BAD",
          "SCREWDRIVER": "BAD",
          "HAMMER": "BAD",
          "DRILL": "GREAT",
          "GLASSCUTTER": "BAD",
          "PICKAXE": "GOOD"
        },
        {
          "block": "polycraft:block_of_titanium",
          "SHOVEL": "BAD",
          "HATCHET": "BAD",
          "SCREWDRIVER": "FAIL",
          "HAMMER": "FAIL",
          "DRILL": "BAD",
          "GLASSCUTTER": "BAD",
          "PICKAXE": "GOOD"
        }
      ]
    },
    {
      "pos": [
        0,
        0,
        0
      ],
      "name": "End Condition",
      "color": -256,
      "type": "END",
      "canProceed": true,
      "isDone": false,
      "completionTime": 0,
      "uuid": "411da771-df45-4044-8b3c-93667d40e2c1",
      "endCondition": "ITEM",
      "itemToAcquire": "polycraft:cell_phone",
      "blockToPlace": "",
      "locationToReach": [
        0,
        0,
        0
      ],
      "endTime": 0.0,
      "endStepCost": 0.0,
      "isFinished": false,
      "blockName": "minecraft:lapis_block",
      "blockMeta": 0
    },
    {
      "pos": [
        13,
        4,
        34
      ],
      "name": "Guide 2",
      "color": -256,
      "type": "GUIDE",
      "canProceed": false,
      "isDone": false,
      "completionTime": 0,
      "uuid": "0a96e250-2f4d-4510-a0ce-f7e56832ed59",
      "pos2": [
        13,
        4,
        34
      ]
    }
  ],
  "options": {
    "pos": [
      0,
      2,
      0
    ],
    "pos2": [
      30,
      9,
      30
    ],
    "name": "",
    "numTeams": 2,
    "teamSize": 2,
    "seed": -469460783,
    "hideGui": false,
    "outputScreen": false,
    "distribution": "Uninformed",
    "maxScore": 207833
  },
  "novelty_config": {
    "seed": 0,
    "templatePath": "../Novelty/input/pogo_v2.json",
    "novelties": [
      {
        "type": "RoomGenTransform",
        "roomGenTransformType": "UPDATE_ROOMS",
        "roomGenOrder": [
          0
        ],
        "roomGenOrderR": [
          1
        ],
        "roomTypes": [
          {
            "xMin": 3,
            "xMax": 3,
            "yMin": 1,
            "yMax": 1,
            "zMin": 3,
            "zMax": 3,
            "blockFloorName": "minecraft:planks",
            "blockCeilName": "minecraft:air",
            "blockWallName": "minecraft:brick_block",
            "blockRefName": "minecraft:grass",
            "canPlayerSpawn": true,
            "tagList": [
              "primary",
              "door"
            ]
          }
        ]
      },
      {
        "blockName": "minecraft:crafting_table",
        "type": "WorldGenTransform",
        "transformType": "BLOCK_LOCATION",
        "countOffset": 0,
        "tagList": [
          "primary"
        ]
      },
      {
        "blockName": "tree",
        "type": "WorldGenTransform",
        "transformType": "BLOCK_LOCATION",
        "countOffset": -5,
        "tagList": [
          "primary"
        ]
      },
      {
        "blockName": "polycraft:block_of_titanium",
        "type": "WorldGenTransform",
        "transformType": "BLOCK_CLUSTER",
        "countOffset": 1,
        "tagList": [
          "primary"
        ]
      },
      {
        "blockName": "minecraft:diamond_block",
        "type": "WorldGenTransform",
        "transformType": "BLOCK_CLUSTER",
        "countOffset": 1,
        "tagList": [
          "primary"
        ]
      },
      {
        "blockName": "minecraft:stone",
        "type": "WorldGenTransform",
        "transformType": "BLOCK_CLUSTER",
        "countOffset": 1,
        "tagList": [
          "primary"
        ]
      },
      {
        "blockName": "polycraft:block_of_silicon",
        "type": "WorldGenTransform",
        "transformType": "BLOCK_CLUSTER",
        "countOffset": 1,
        "tagList": [
          "primary"
        ]
      },
      {
        "blockName": "polycraft:bauxite",
        "type": "WorldGenTransform",
        "transformType": "BLOCK_CLUSTER",
        "countOffset": 1,
        "tagList": [
          "primary"
        ]
      },
      {
        "blockName": "polycraft:block_of_copper",
        "type": "WorldGenTransform",
        "transformType": "BLOCK_CLUSTER",
        "countOffset": 1,
        "tagList": [
          "primary"
        ]
      },
      {
        "blockName": "minecraft:log",
        "type": "WorldGenTransform",
        "transformType": "BLOCK_CLUSTER",
        "countOffset": 1,
        "tagList": [
          "primary"
        ]
      },
      {
        "blockName": "minecraft:clay",
        "type": "WorldGenTransform",
        "transformType": "BLOCK_CLUSTER",
        "countOffset": 1,
        "tagList": [
          "primary"
        ]
      },
      {
        "blockName": "minecraft:glass",
        "type": "WorldGenTransform",
        "transformType": "BLOCK_CLUSTER",
        "countOffset": 1,
        "tagList": [
          "primary"
        ]
      },
      {
        "type": "GenToolsTransform",
        "toolGens": [
          {
            "toolType": "PICKAXE",
            "count": 20,
            "minEff": 0.10,
            "maxEff": 0.90,
            "suffix": "polycraft:pickaxe",
            "toolsPerGame": 2
          },
          {
            "toolType": "SHOVEL",
            "count": 20,
            "minEff": 0.10,
            "maxEff": 0.90,
            "suffix": "polycraft:shovel",
            "toolsPerGame": 2
          },
          {
            "toolType": "HATCHET",
            "count": 20,
            "minEff": 0.10,
            "maxEff": 0.90,
            "suffix": "polycraft:hatchet",
            "toolsPerGame": 2
          },
          {
            "toolType": "GLASSCUTTER",
            "count": 20,
            "minEff": 0.10,
            "maxEff": 0.90,
            "suffix": "polycraft:glasscutter",
            "toolsPerGame": 2
          }
        ],
        "efficiencyLevelLookup": [
          {
            "block": "polycraft:block_of_titanium",
            "PICKAXE": "GOOD",
            "SHOVEL": "BAD",
            "HATCHET": "BAD",
            "SCREWDRIVER": "FAIL",
            "HAMMER": "FAIL",
            "DRILL": "BAD",
            "GLASSCUTTER": "BAD"
          },
          {
            "block": "minecraft:diamond_block",
            "PICKAXE": "GOOD",
            "SHOVEL": "BAD",
            "HATCHET": "BAD",
            "SCREWDRIVER": "BAD",
            "HAMMER": "BAD",
            "DRILL": "BAD",
            "GLASSCUTTER": "BAD"
          },
          {
            "block": "minecraft:stone",
            "PICKAXE": "GOOD",
            "SHOVEL": "BAD",
            "HATCHET": "BAD",
            "SCREWDRIVER": "BAD",
            "HAMMER": "BAD",
            "DRILL": "BAD",
            "GLASSCUTTER": "BAD"
          },
          {
            "block": "polycraft:block_of_silicon",
            "PICKAXE": "GOOD",
            "SHOVEL": "BAD",
            "HATCHET": "BAD",
            "SCREWDRIVER": "BAD",
            "HAMMER": "BAD",
            "DRILL": "GREAT",
            "GLASSCUTTER": "BAD"
          },
          {
            "block": "polycraft:bauxite",
            "PICKAXE": "GOOD",
            "SHOVEL": "BAD",
            "HATCHET": "BAD",
            "SCREWDRIVER": "BAD",
            "HAMMER": "BAD",
            "DRILL": "GREAT",
            "GLASSCUTTER": "BAD"
          },
          {
            "block": "polycraft:block_of_copper",
            "PICKAXE": "GOOD",
            "SHOVEL": "BAD",
            "HATCHET": "BAD",
            "SCREWDRIVER": "BAD",
            "HAMMER": "BAD",
            "DRILL": "GREAT",
            "GLASSCUTTER": "BAD"
          },
          {
            "block": "minecraft:log",
            "PICKAXE": "BAD",
            "SHOVEL": "BAD",
            "HATCHET": "GOOD",
            "SCREWDRIVER": "BAD",
            "HAMMER": "BAD",
            "DRILL": "GOOD",
            "GLASSCUTTER": "BAD"
          },
          {
            "block": "minecraft:clay",
            "PICKAXE": "BAD",
            "SHOVEL": "GOOD",
            "HATCHET": "BAD",
            "SCREWDRIVER": "BAD",
            "HAMMER": "BAD",
            "DRILL": "BAD",
            "GLASSCUTTER": "BAD"
          },
          {
            "block": "minecraft:glass",
            "PICKAXE": "BAD",
            "SHOVEL": "BAD",
            "HATCHET": "BAD",
            "SCREWDRIVER": "BAD",
            "HAMMER": "BAD",
            "DRILL": "BAD",
            "GLASSCUTTER": "GOOD"
          }
        ]
      },
      {
        "type": "GoalTransform",
        "goalRepeatCount": 20,
        "transformType": "RANDOM_NO_REPEAT",
        "overrideGoalConfig": [
          {
            "goalType": "ITEM",
            "itemToAcquire": "polycraft:jet_pack_beginner"
          },
          {
            "goalType": "ITEM",
            "itemToAcquire": "polycraft:laser"
          },
          {
            "goalType": "ITEM",
            "itemToAcquire": "polycraft:cell_phone"
          }
        ]
      },
      {
        "type": "RecipeTransform",
        "transformType": "ADD_FW2_RECIPES_SIMPLE"
      }
    ],
    "seedOverride": -469460783,
    "generatedTimeStamp": "2022-11-08 10:41:17.537"
  }
}