{
  "features": [
    {
      "pos": [
        2,
        17,
        18
      ],
      "name": "Start 0",
      "color": -16711681,
      "type": "START",
      "canProceed": false,
      "isDone": false,
      "completionTime": 0,
      "uuid": "97685171-2126-4010-90b4-7af82182fd38",
      "pos2": [
        27,
        4,
        27
      ],
      "lookDir": [
        0,
        90,
        0
      ],
      "dim": 0,
      "spawnedInServer": false,
      "spawnedInClient": false,
      "spawnRand": false
    },
    {
      "pos": [
        0,
        16,
        0
      ],
      "name": "Room_0",
      "color": -16711936,
      "type": "ROOM",
      "canProceed": false,
      "isDone": false,
      "completionTime": 0,
      "uuid": "d8ef81b7-6f7c-42a0-8bb8-dd2109b4a9c1",
      "pos2": [
        23,
        23,
        23
      ],
      "blockFloorMeta": 0,
      "blockFloorName": "minecraft:planks",
      "blockWallMeta": 0,
      "blockWallName": "minecraft:brick_block",
      "blockWallMetaTwo": 0,
      "blockCeilMeta": 0,
      "blockCeilName": "minecraft:air",
      "blockRefMeta": 0,
      "blockRefName": "minecraft:grass",
      "spawnRefBlocks": false,
      "recycleRefSeed": true,
      "isChunkBased": true,
      "refSeed": -1863917650,
      "refSpawnChance": 0.0,
      "intensity": 589,
      "useRandomMeta": false,
      "wallTexture": "T0",
      "wallColor": "T2",
      "floorTexture": "T6",
      "floorColor": "T1",
      "chunks": [
        {
          "pos": [
            2,
            2,
            0
          ],
          "wallConfiguration": [
            {
              "face": "south",
              "config": {
                "type": "INTERNAL",
                "wallConfiguration": [],
                "defaultPath": {
                  "type": "BLUEPRINT",
                  "reversed": false,
                  "buttonLocation": "NONE",
                  "pressurePlaceLocation": "NONE",
                  "keyMetas": []
                }
              }
            },
            {
              "face": "west",
              "config": {
                "type": "INTERNAL",
                "wallConfiguration": [],
                "defaultPath": {
                  "type": "BLUEPRINT",
                  "reversed": false,
                  "buttonLocation": "NONE",
                  "pressurePlaceLocation": "NONE",
                  "keyMetas": []
                }
              }
            },
            {
              "face": "east",
              "config": {
                "type": "EXTERNAL",
                "wallConfiguration": [],
                "defaultPath": {
                  "type": "BLUEPRINT",
                  "reversed": false,
                  "buttonLocation": "NONE",
                  "pressurePlaceLocation": "NONE",
                  "keyMetas": []
                }
              }
            },
            {
              "face": "north",
              "config": {
                "type": "EXTERNAL",
                "wallConfiguration": [],
                "defaultPath": {
                  "type": "BLUEPRINT",
                  "reversed": false,
                  "buttonLocation": "NONE",
                  "pressurePlaceLocation": "NONE",
                  "keyMetas": []
                }
              }
            }
          ],
          "roomID": 0
        },
        {
          "pos": [
            1,
            2,
            1
          ],
          "wallConfiguration": [
            {
              "face": "south",
              "config": {
                "type": "INTERNAL",
                "wallConfiguration": [],
                "defaultPath": {
                  "type": "BLUEPRINT",
                  "reversed": false,
                  "buttonLocation": "NONE",
                  "pressurePlaceLocation": "NONE",
                  "keyMetas": []
                }
              }
            },
            {
              "face": "west",
              "config": {
                "type": "INTERNAL",
                "wallConfiguration": [],
                "defaultPath": {
                  "type": "BLUEPRINT",
                  "reversed": false,
                  "buttonLocation": "NONE",
                  "pressurePlaceLocation": "NONE",
                  "keyMetas": []
                }
              }
            },
            {
              "face": "east",
              "config": {
                "type": "INTERNAL",
                "wallConfiguration": [],
                "defaultPath": {
                  "type": "BLUEPRINT",
                  "reversed": false,
                  "buttonLocation": "NONE",
                  "pressurePlaceLocation": "NONE",
                  "keyMetas": []
                }
              }
            },
            {
              "face": "north",
              "config": {
                "type": "INTERNAL",
                "wallConfiguration": [],
                "defaultPath": {
                  "type": "BLUEPRINT",
                  "reversed": false,
                  "buttonLocation": "NONE",
                  "pressurePlaceLocation": "NONE",
                  "keyMetas": []
                }
              }
            }
          ],
          "roomID": 0
        },
        {
          "pos": [
            0,
            2,
            2
          ],
          "wallConfiguration": [
            {
              "face": "south",
              "config": {
                "type": "EXTERNAL",
                "wallConfiguration": [],
                "defaultPath": {
                  "type": "BLUEPRINT",
                  "reversed": false,
                  "buttonLocation": "NONE",
                  "pressurePlaceLocation": "NONE",
                  "keyMetas": []
                }
              }
            },
            {
              "face": "west",
              "config": {
                "type": "EXTERNAL",
                "wallConfiguration": [],
                "defaultPath": {
                  "type": "BLUEPRINT",
                  "reversed": false,
                  "buttonLocation": "NONE",
                  "pressurePlaceLocation": "NONE",
                  "keyMetas": []
                }
              }
            },
            {
              "face": "east",
              "config": {
                "type": "INTERNAL",
                "wallConfiguration": [],
                "defaultPath": {
                  "type": "BLUEPRINT",
                  "reversed": false,
                  "buttonLocation": "NONE",
                  "pressurePlaceLocation": "NONE",
                  "keyMetas": []
                }
              }
            },
            {
              "face": "north",
              "config": {
                "type": "INTERNAL",
                "wallConfiguration": [],
                "defaultPath": {
                  "type": "BLUEPRINT",
                  "reversed": false,
                  "buttonLocation": "NONE",
                  "pressurePlaceLocation": "NONE",
                  "keyMetas": []
                }
              }
            }
          ],
          "roomID": 0
        },
        {
          "pos": [
            2,
            2,
            1
          ],
          "wallConfiguration": [
            {
              "face": "south",
              "config": {
                "type": "INTERNAL",
                "wallConfiguration": [],
                "defaultPath": {
                  "type": "BLUEPRINT",
                  "reversed": false,
                  "buttonLocation": "NONE",
                  "pressurePlaceLocation": "NONE",
                  "keyMetas": []
                }
              }
            },
            {
              "face": "west",
              "config": {
                "type": "INTERNAL",
                "wallConfiguration": [],
                "defaultPath": {
                  "type": "BLUEPRINT",
                  "reversed": false,
                  "buttonLocation": "NONE",
                  "pressurePlaceLocation": "NONE",
                  "keyMetas": []
                }
              }
            },
            {
              "face": "east",
              "config": {
                "type": "EXTERNAL",
                "wallConfiguration": [],
                "defaultPath": {
                  "type": "BLUEPRINT",
                  "reversed": false,
                  "buttonLocation": "NONE",
                  "pressurePlaceLocation": "NONE",
                  "keyMetas": []
                }
              }
            },
            {
              "face": "north",
              "config": {
                "type": "INTERNAL",
                "wallConfiguration": [],
                "defaultPath": {
                  "type": "BLUEPRINT",
                  "reversed": false,
                  "buttonLocation": "NONE",
                  "pressurePlaceLocation": "NONE",
                  "keyMetas": []
                }
              }
            }
          ],
          "roomID": 0
        },
        {
          "pos": [
            1,
            2,
            2
          ],
          "wallConfiguration": [
            {
              "face": "south",
              "config": {
                "type": "EXTERNAL",
                "wallConfiguration": [],
                "defaultPath": {
                  "type": "BLUEPRINT",
                  "reversed": false,
                  "buttonLocation": "NONE",
                  "pressurePlaceLocation": "NONE",
                  "keyMetas": []
                }
              }
            },
            {
              "face": "west",
              "config": {
                "type": "INTERNAL",
                "wallConfiguration": [],
                "defaultPath": {
                  "type": "BLUEPRINT",
                  "reversed": false,
                  "buttonLocation": "NONE",
                  "pressurePlaceLocation": "NONE",
                  "keyMetas": []
                }
              }
            },
            {
              "face": "east",
              "config": {
                "type": "INTERNAL",
                "wallConfiguration": [],
                "defaultPath": {
                  "type": "BLUEPRINT",
                  "reversed": false,
                  "buttonLocation": "NONE",
                  "pressurePlaceLocation": "NONE",
                  "keyMetas": []
                }
              }
            },
            {
              "face": "north",
              "config": {
                "type": "INTERNAL",
                "wallConfiguration": [],
                "defaultPath": {
                  "type": "BLUEPRINT",
                  "reversed": false,
                  "buttonLocation": "NONE",
                  "pressurePlaceLocation": "NONE",
                  "keyMetas": []
                }
              }
            }
          ],
          "roomID": 0
        },
        {
          "pos": [
            2,
            2,
            2
          ],
          "wallConfiguration": [
            {
              "face": "south",
              "config": {
                "type": "EXTERNAL",
                "wallConfiguration": [],
                "defaultPath": {
                  "type": "BLUEPRINT",
                  "reversed": false,
                  "buttonLocation": "NONE",
                  "pressurePlaceLocation": "NONE",
                  "keyMetas": []
                }
              }
            },
            {
              "face": "west",
              "config": {
                "type": "INTERNAL",
                "wallConfiguration": [],
                "defaultPath": {
                  "type": "BLUEPRINT",
                  "reversed": false,
                  "buttonLocation": "NONE",
                  "pressurePlaceLocation": "NONE",
                  "keyMetas": []
                }
              }
            },
            {
              "face": "east",
              "config": {
                "type": "EXTERNAL",
                "wallConfiguration": [],
                "defaultPath": {
                  "type": "BLUEPRINT",
                  "reversed": false,
                  "buttonLocation": "NONE",
                  "pressurePlaceLocation": "NONE",
                  "keyMetas": []
                }
              }
            },
            {
              "face": "north",
              "config": {
                "type": "INTERNAL",
                "wallConfiguration": [],
                "defaultPath": {
                  "type": "BLUEPRINT",
                  "reversed": false,
                  "buttonLocation": "NONE",
                  "pressurePlaceLocation": "NONE",
                  "keyMetas": []
                }
              }
            }
          ],
          "roomID": 0
        },
        {
          "pos": [
            0,
            2,
            0
          ],
          "wallConfiguration": [
            {
              "face": "south",
              "config": {
                "type": "INTERNAL",
                "wallConfiguration": [],
                "defaultPath": {
                  "type": "BLUEPRINT",
                  "reversed": false,
                  "buttonLocation": "NONE",
                  "pressurePlaceLocation": "NONE",
                  "keyMetas": []
                }
              }
            },
            {
              "face": "west",
              "config": {
                "type": "EXTERNAL",
                "wallConfiguration": [],
                "defaultPath": {
                  "type": "BLUEPRINT",
                  "reversed": false,
                  "buttonLocation": "NONE",
                  "pressurePlaceLocation": "NONE",
                  "keyMetas": []
                }
              }
            },
            {
              "face": "east",
              "config": {
                "type": "INTERNAL",
                "wallConfiguration": [],
                "defaultPath": {
                  "type": "BLUEPRINT",
                  "reversed": false,
                  "buttonLocation": "NONE",
                  "pressurePlaceLocation": "NONE",
                  "keyMetas": []
                }
              }
            },
            {
              "face": "north",
              "config": {
                "type": "EXTERNAL",
                "wallConfiguration": [],
                "defaultPath": {
                  "type": "BLUEPRINT",
                  "reversed": false,
                  "buttonLocation": "NONE",
                  "pressurePlaceLocation": "NONE",
                  "keyMetas": []
                }
              }
            }
          ],
          "roomID": 0
        },
        {
          "pos": [
            1,
            2,
            0
          ],
          "wallConfiguration": [
            {
              "face": "south",
              "config": {
                "type": "INTERNAL",
                "wallConfiguration": [],
                "defaultPath": {
                  "type": "BLUEPRINT",
                  "reversed": false,
                  "buttonLocation": "NONE",
                  "pressurePlaceLocation": "NONE",
                  "keyMetas": []
                }
              }
            },
            {
              "face": "west",
              "config": {
                "type": "INTERNAL",
                "wallConfiguration": [],
                "defaultPath": {
                  "type": "BLUEPRINT",
                  "reversed": false,
                  "buttonLocation": "NONE",
                  "pressurePlaceLocation": "NONE",
                  "keyMetas": []
                }
              }
            },
            {
              "face": "east",
              "config": {
                "type": "INTERNAL",
                "wallConfiguration": [],
                "defaultPath": {
                  "type": "BLUEPRINT",
                  "reversed": false,
                  "buttonLocation": "NONE",
                  "pressurePlaceLocation": "NONE",
                  "keyMetas": []
                }
              }
            },
            {
              "face": "north",
              "config": {
                "type": "EXTERNAL",
                "wallConfiguration": [],
                "defaultPath": {
                  "type": "BLUEPRINT",
                  "reversed": false,
                  "buttonLocation": "NONE",
                  "pressurePlaceLocation": "NONE",
                  "keyMetas": []
                }
              }
            }
          ],
          "roomID": 0
        },
        {
          "pos": [
            0,
            2,
            1
          ],
          "wallConfiguration": [
            {
              "face": "south",
              "config": {
                "type": "INTERNAL",
                "wallConfiguration": [],
                "defaultPath": {
                  "type": "BLUEPRINT",
                  "reversed": false,
                  "buttonLocation": "NONE",
                  "pressurePlaceLocation": "NONE",
                  "keyMetas": []
                }
              }
            },
            {
              "face": "west",
              "config": {
                "type": "EXTERNAL",
                "wallConfiguration": [],
                "defaultPath": {
                  "type": "BLUEPRINT",
                  "reversed": false,
                  "buttonLocation": "NONE",
                  "pressurePlaceLocation": "NONE",
                  "keyMetas": []
                }
              }
            },
            {
              "face": "east",
              "config": {
                "type": "INTERNAL",
                "wallConfiguration": [],
                "defaultPath": {
                  "type": "BLUEPRINT",
                  "reversed": false,
                  "buttonLocation": "NONE",
                  "pressurePlaceLocation": "NONE",
                  "keyMetas": []
                }
              }
            },
            {
              "face": "north",
              "config": {
                "type": "INTERNAL",
                "wallConfiguration": [],
                "defaultPath": {
                  "type": "BLUEPRINT",
                  "reversed": false,
                  "buttonLocation": "NONE",
                  "pressurePlaceLocation": "NONE",
                  "keyMetas": []
                }
              }
            }
          ],
          "roomID": 0
        }
      ],
      "tagList": [
        "primary",
        "door"
      ],
      "canPlayerSpawn": true,
      "doors": []
    },
    {
      "pos": [
        0,
        0,
        0
      ],
      "name": "SeedSpawn_1",
      "color": -256,
      "type": "SEED_SPAWN",
      "canProceed": false,
      "isDone": false,
      "completionTime": 0,
      "uuid": "987f9710-235d-4514-a30f-0b00e595d5ce",
      "stepCount": 0
    },
    {
      "pos": [
        1,
        4,
        1
      ],
      "name": "World Builder 1",
      "color": -16711936,
      "type": "WORLDGEN",
      "canProceed": false,
      "isDone": false,
      "completionTime": 0,
      "uuid": "a55f56ee-eb38-4f7d-89ee-ba0c87d0d419",
      "pos2": [
        30,
        4,
        30
      ],
      "count": 0,
      "genType": "BLOCK_LIST",
      "blockList": [
        {
          "blockPos": [
            8,
            17,
            2
          ],
          "blockDef": {
            "blockName": "minecraft:stone",
            "blockMeta": 0
          }
        },
        {
          "blockPos": [
            9,
            17,
            2
          ],
          "blockDef": {
            "blockName": "minecraft:stone",
            "blockMeta": 0
          }
        },
        {
          "blockPos": [
            8,
            17,
            3
          ],
          "blockDef": {
            "blockName": "minecraft:stone",
            "blockMeta": 0
          }
        },
        {
          "blockPos": [
            9,
            17,
            3
          ],
          "blockDef": {
            "blockName": "minecraft:stone",
            "blockMeta": 0
          }
        },
        {
          "blockPos": [
            13,
            17,
            2
          ],
          "blockDef": {
            "blockName": "polycraft:block_of_silicon",
            "blockMeta": 0
          }
        },
        {
          "blockPos": [
            14,
            17,
            2
          ],
          "blockDef": {
            "blockName": "polycraft:block_of_silicon",
            "blockMeta": 0
          }
        },
        {
          "blockPos": [
            13,
            17,
            6
          ],
          "blockDef": {
            "blockName": "minecraft:glass",
            "blockMeta": 0
          }
        },
        {
          "blockPos": [
            10,
            17,
            10
          ],
          "blockDef": {
            "blockName": "minecraft:clay",
            "blockMeta": 0
          }
        },
        {
          "blockPos": [
            14,
            17,
            6
          ],
          "blockDef": {
            "blockName": "minecraft:glass",
            "blockMeta": 0
          }
        },
        {
          "blockPos": [
            13,
            17,
            7
          ],
          "blockDef": {
            "blockName": "minecraft:glass",
            "blockMeta": 0
          }
        },
        {
          "blockPos": [
            11,
            17,
            10
          ],
          "blockDef": {
            "blockName": "minecraft:clay",
            "blockMeta": 0
          }
        },
        {
          "blockPos": [
            20,
            17,
            3
          ],
          "blockDef": {
            "blockName": "polycraft:bauxite",
            "blockMeta": 0
          }
        },
        {
          "blockPos": [
            18,
            17,
            5
          ],
          "blockDef": {
            "blockName": "minecraft:log",
            "blockMeta": 0
          }
        },
        {
          "blockPos": [
            21,
            17,
            3
          ],
          "blockDef": {
            "blockName": "polycraft:bauxite",
            "blockMeta": 0
          }
        },
        {
          "blockPos": [
            19,
            17,
            5
          ],
          "blockDef": {
            "blockName": "minecraft:log",
            "blockMeta": 0
          }
        },
        {
          "blockPos": [
            18,
            17,
            6
          ],
          "blockDef": {
            "blockName": "minecraft:log",
            "blockMeta": 0
          }
        },
        {
          "blockPos": [
            21,
            17,
            4
          ],
          "blockDef": {
            "blockName": "polycraft:bauxite",
            "blockMeta": 0
          }
        },
        {
          "blockPos": [
            19,
            17,
            6
          ],
          "blockDef": {
            "blockName": "minecraft:log",
            "blockMeta": 0
          }
        },
        {
          "blockPos": [
            11,
            17,
            14
          ],
          "blockDef": {
            "blockName": "polycraft:block_abs",
            "blockMeta": 0
          }
        },
        {
          "blockPos": [
            16,
            17,
            10
          ],
          "blockDef": {
            "blockName": "polycraft:block_of_titanium",
            "blockMeta": 0
          }
        },
        {
          "blockPos": [
            12,
            17,
            14
          ],
          "blockDef": {
            "blockName": "polycraft:block_abs",
            "blockMeta": 0
          }
        },
        {
          "blockPos": [
            17,
            17,
            10
          ],
          "blockDef": {
            "blockName": "polycraft:block_of_titanium",
            "blockMeta": 0
          }
        },
        {
          "blockPos": [
            20,
            17,
            9
          ],
          "blockDef": {
            "blockName": "minecraft:diamond_block",
            "blockMeta": 0
          }
        },
        {
          "blockPos": [
            19,
            17,
            11
          ],
          "blockDef": {
            "blockName": "minecraft:crafting_table",
            "blockMeta": 0
          }
        },
        {
          "blockPos": [
            21,
            17,
            9
          ],
          "blockDef": {
            "blockName": "minecraft:diamond_block",
            "blockMeta": 0
          }
        },
        {
          "blockPos": [
            14,
            17,
            19
          ],
          "blockDef": {
            "blockName": "polycraft:block_of_copper",
            "blockMeta": 0
          }
        },
        {
          "blockPos": [
            15,
            17,
            19
          ],
          "blockDef": {
            "blockName": "polycraft:block_of_copper",
            "blockMeta": 0
          }
        },
        {
          "blockPos": [
            14,
            17,
            20
          ],
          "blockDef": {
            "blockName": "polycraft:block_of_copper",
            "blockMeta": 0
          }
        }
      ]
    },
    {
      "pos": [
        0,
        17,
        0
      ],
      "name": "map",
      "color": -256,
      "type": "DATA",
      "canProceed": true,
      "isDone": false,
      "completionTime": 0,
      "uuid": "2acdbb64-4408-4134-ab1d-3f7a58b57160",
      "pos2": [
        23,
        18,
        23
      ],
      "data": " "
    },
    {
      "pos": [
        2,
        4,
        2
      ],
      "name": "Recipe Override5",
      "color": -16711936,
      "type": "RECIPE_OVERRIDE",
      "canProceed": false,
      "isDone": false,
      "completionTime": 0,
      "uuid": "b5e5c85b-1d66-4b27-ba94-ca290883d27b",
      "recipeListConfig": [
        {
          "inputs": [
            {
              "slotIndex": 0,
              "itemStacks": [
                {
                  "name": "minecraft:planks",
                  "stackSize": 1
                }
              ]
            },
            {
              "slotIndex": 1,
              "itemStacks": [
                {
                  "name": "minecraft:stick",
                  "stackSize": 1
                }
              ]
            },
            {
              "slotIndex": 2,
              "itemStacks": [
                {
                  "name": "minecraft:planks",
                  "stackSize": 1
                }
              ]
            },
            {
              "slotIndex": 3,
              "itemStacks": [
                {
                  "name": "minecraft:planks",
                  "stackSize": 1
                }
              ]
            },
            {
              "slotIndex": 5,
              "itemStacks": [
                {
                  "name": "minecraft:planks",
                  "stackSize": 1
                }
              ]
            },
            {
              "slotIndex": 7,
              "itemStacks": [
                {
                  "name": "minecraft:planks",
                  "stackSize": 1
                }
              ]
            }
          ],
          "outputs": [
            {
              "slotIndex": 9,
              "itemStack": {
                "name": "polycraft:tree_tap",
                "stackSize": 1
              }
            }
          ],
          "containerType": "CRAFTING_TABLE"
        },
        {
          "inputs": [
            {
              "slotIndex": 0,
              "itemStacks": [
                {
                  "name": "minecraft:stick",
                  "stackSize": 1
                }
              ]
            },
            {
              "slotIndex": 1,
              "itemStacks": [
                {
                  "name": "polycraft:block_of_titanium",
                  "stackSize": 1
                }
              ]
            },
            {
              "slotIndex": 2,
              "itemStacks": [
                {
                  "name": "minecraft:stick",
                  "stackSize": 1
                }
              ]
            },
            {
              "slotIndex": 3,
              "itemStacks": [
                {
                  "name": "minecraft:diamond_block",
                  "stackSize": 1
                }
              ]
            },
            {
              "slotIndex": 4,
              "itemStacks": [
                {
                  "name": "polycraft:block_of_titanium",
                  "stackSize": 1
                }
              ]
            },
            {
              "slotIndex": 5,
              "itemStacks": [
                {
                  "name": "minecraft:diamond_block",
                  "stackSize": 1
                }
              ]
            },
            {
              "slotIndex": 7,
              "itemStacks": [
                {
                  "name": "polycraft:sack_polyisoprene_pellets",
                  "stackSize": 1
                }
              ]
            }
          ],
          "outputs": [
            {
              "slotIndex": 9,
              "itemStack": {
                "name": "polycraft:wooden_pogo_stick",
                "stackSize": 1
              }
            }
          ],
          "containerType": "CRAFTING_TABLE"
        },
        {
          "inputs": [
            {
              "slotIndex": -1,
              "itemStacks": [
                {
                  "name": "minecraft:log",
                  "stackSize": 1
                }
              ]
            }
          ],
          "outputs": [
            {
              "slotIndex": 9,
              "itemStack": {
                "name": "minecraft:planks",
                "stackSize": 4
              }
            }
          ],
          "containerType": "CRAFTING_TABLE"
        },
        {
          "inputs": [
            {
              "slotIndex": 0,
              "itemStacks": [
                {
                  "name": "minecraft:planks",
                  "stackSize": 1
                }
              ]
            },
            {
              "slotIndex": 3,
              "itemStacks": [
                {
                  "name": "minecraft:planks",
                  "stackSize": 1
                }
              ]
            }
          ],
          "outputs": [
            {
              "slotIndex": 9,
              "itemStack": {
                "name": "minecraft:stick",
                "stackSize": 4
              }
            }
          ],
          "containerType": "CRAFTING_TABLE"
        },
        {
          "inputs": [
            {
              "slotIndex": 0,
              "itemStacks": [
                {
                  "name": "minecraft:planks",
                  "stackSize": 1
                }
              ]
            },
            {
              "slotIndex": 1,
              "itemStacks": [
                {
                  "name": "minecraft:planks",
                  "stackSize": 1
                }
              ]
            },
            {
              "slotIndex": 3,
              "itemStacks": [
                {
                  "name": "minecraft:planks",
                  "stackSize": 1
                }
              ]
            },
            {
              "slotIndex": 4,
              "itemStacks": [
                {
                  "name": "minecraft:planks",
                  "stackSize": 1
                }
              ]
            }
          ],
          "outputs": [
            {
              "slotIndex": 9,
              "itemStack": {
                "name": "minecraft:crafting_table",
                "stackSize": 1
              }
            }
          ],
          "containerType": "CRAFTING_TABLE"
        },
        {
          "inputs": [
            {
              "slotIndex": 0,
              "itemStacks": [
                {
                  "name": "minecraft:diamond",
                  "stackSize": 1
                }
              ]
            },
            {
              "slotIndex": 1,
              "itemStacks": [
                {
                  "name": "minecraft:diamond",
                  "stackSize": 1
                }
              ]
            },
            {
              "slotIndex": 2,
              "itemStacks": [
                {
                  "name": "minecraft:diamond",
                  "stackSize": 1
                }
              ]
            },
            {
              "slotIndex": 3,
              "itemStacks": [
                {
                  "name": "minecraft:diamond",
                  "stackSize": 1
                }
              ]
            },
            {
              "slotIndex": 4,
              "itemStacks": [
                {
                  "name": "minecraft:diamond",
                  "stackSize": 1
                }
              ]
            },
            {
              "slotIndex": 5,
              "itemStacks": [
                {
                  "name": "minecraft:diamond",
                  "stackSize": 1
                }
              ]
            },
            {
              "slotIndex": 6,
              "itemStacks": [
                {
                  "name": "minecraft:diamond",
                  "stackSize": 1
                }
              ]
            },
            {
              "slotIndex": 7,
              "itemStacks": [
                {
                  "name": "minecraft:diamond",
                  "stackSize": 1
                }
              ]
            },
            {
              "slotIndex": 8,
              "itemStacks": [
                {
                  "name": "minecraft:diamond",
                  "stackSize": 1
                }
              ]
            }
          ],
          "outputs": [
            {
              "slotIndex": 9,
              "itemStack": {
                "name": "minecraft:diamond_block",
                "stackSize": 1
              }
            }
          ],
          "containerType": "CRAFTING_TABLE"
        },
        {
          "inputs": [
            {
              "slotIndex": 2,
              "itemStacks": [
                {
                  "name": "polycraft:hose_low_pressure",
                  "stackSize": 1
                }
              ]
            },
            {
              "slotIndex": 3,
              "itemStacks": [
                {
                  "name": "polycraft:cartridge_propane",
                  "stackSize": 1
                }
              ]
            },
            {
              "slotIndex": 8,
              "itemStacks": [
                {
                  "name": "minecraft:log",
                  "stackSize": 1
                }
              ]
            },
            {
              "slotIndex": 0,
              "itemStacks": [
                {
                  "name": "polycraft:hose_low_pressure",
                  "stackSize": 1
                }
              ]
            },
            {
              "slotIndex": 6,
              "itemStacks": [
                {
                  "name": "minecraft:log",
                  "stackSize": 1
                }
              ]
            },
            {
              "slotIndex": 7,
              "itemStacks": [
                {
                  "name": "polycraft:block_of_titanium",
                  "stackSize": 1
                }
              ]
            },
            {
              "slotIndex": 1,
              "itemStacks": [
                {
                  "name": "polycraft:regulator_medium_pressure",
                  "stackSize": 1
                }
              ]
            },
            {
              "slotIndex": 5,
              "itemStacks": [
                {
                  "name": "polycraft:block_of_titanium",
                  "stackSize": 1
                }
              ]
            },
            {
              "slotIndex": 4,
              "itemStacks": [
                {
                  "name": "polycraft:kevlar_vest",
                  "stackSize": 1
                }
              ]
            }
          ],
          "outputs": [
            {
              "slotIndex": 9,
              "itemStack": {
                "name": "polycraft:jet_pack_beginner",
                "stackSize": 1
              }
            }
          ],
          "containerType": "CRAFTING_TABLE"
        },
        {
          "inputs": [
            {
              "slotIndex": 2,
              "itemStacks": [
                {
                  "name": "polycraft:block_of_titanium",
                  "stackSize": 1
                }
              ]
            },
            {
              "slotIndex": 3,
              "itemStacks": [
                {
                  "name": "minecraft:nether_star",
                  "stackSize": 1
                }
              ]
            },
            {
              "slotIndex": 8,
              "itemStacks": [
                {
                  "name": "minecraft:clay",
                  "stackSize": 1
                }
              ]
            },
            {
              "slotIndex": 0,
              "itemStacks": [
                {
                  "name": "polycraft:block_of_titanium",
                  "stackSize": 1
                }
              ]
            },
            {
              "slotIndex": 6,
              "itemStacks": [
                {
                  "name": "minecraft:clay",
                  "stackSize": 1
                }
              ]
            },
            {
              "slotIndex": 7,
              "itemStacks": [
                {
                  "name": "minecraft:nether_star",
                  "stackSize": 1
                }
              ]
            },
            {
              "slotIndex": 1,
              "itemStacks": [
                {
                  "name": "minecraft:nether_star",
                  "stackSize": 1
                }
              ]
            },
            {
              "slotIndex": 5,
              "itemStacks": [
                {
                  "name": "minecraft:nether_star",
                  "stackSize": 1
                }
              ]
            },
            {
              "slotIndex": 4,
              "itemStacks": [
                {
                  "name": "minecraft:redstone_block",
                  "stackSize": 1
                }
              ]
            }
          ],
          "outputs": [
            {
              "slotIndex": 9,
              "itemStack": {
                "name": "polycraft:laser",
                "stackSize": 1
              }
            }
          ],
          "containerType": "CRAFTING_TABLE"
        },
        {
          "inputs": [
            {
              "slotIndex": 2,
              "itemStacks": [
                {
                  "name": "polycraft:oled_array",
                  "stackSize": 1
                }
              ]
            },
            {
              "slotIndex": 3,
              "itemStacks": [
                {
                  "name": "polycraft:processor",
                  "stackSize": 1
                }
              ]
            },
            {
              "slotIndex": 8,
              "itemStacks": [
                {
                  "name": "polycraft:block_of_titanium",
                  "stackSize": 1
                }
              ]
            },
            {
              "slotIndex": 0,
              "itemStacks": [
                {
                  "name": "polycraft:low_power_radio",
                  "stackSize": 1
                }
              ]
            },
            {
              "slotIndex": 6,
              "itemStacks": [
                {
                  "name": "minecraft:glass",
                  "stackSize": 1
                }
              ]
            },
            {
              "slotIndex": 7,
              "itemStacks": [
                {
                  "name": "minecraft:glass",
                  "stackSize": 1
                }
              ]
            },
            {
              "slotIndex": 1,
              "itemStacks": [
                {
                  "name": "polycraft:cell_phone_case_san",
                  "stackSize": 1
                }
              ]
            },
            {
              "slotIndex": 5,
              "itemStacks": [
                {
                  "name": "polycraft:block_of_titanium",
                  "stackSize": 1
                }
              ]
            },
            {
              "slotIndex": 4,
              "itemStacks": [
                {
                  "name": "polycraft:amplifier",
                  "stackSize": 1
                }
              ]
            }
          ],
          "outputs": [
            {
              "slotIndex": 9,
              "itemStack": {
                "name": "polycraft:cell_phone",
                "stackSize": 1
              }
            }
          ],
          "containerType": "CRAFTING_TABLE"
        }
      ],
      "perceivedRecipeListConfig": [
        {
          "inputs": [
            {
              "slotIndex": 0,
              "itemStacks": [
                {
                  "name": "minecraft:stick",
                  "stackSize": 1
                }
              ]
            },
            {
              "slotIndex": 1,
              "itemStacks": [
                {
                  "name": "polycraft:block_of_titanium",
                  "stackSize": 1
                }
              ]
            },
            {
              "slotIndex": 2,
              "itemStacks": [
                {
                  "name": "minecraft:stick",
                  "stackSize": 1
                }
              ]
            },
            {
              "slotIndex": 3,
              "itemStacks": [
                {
                  "name": "minecraft:diamond_block",
                  "stackSize": 1
                }
              ]
            },
            {
              "slotIndex": 4,
              "itemStacks": [
                {
                  "name": "polycraft:block_of_titanium",
                  "stackSize": 1
                }
              ]
            },
            {
              "slotIndex": 5,
              "itemStacks": [
                {
                  "name": "minecraft:diamond_block",
                  "stackSize": 1
                }
              ]
            },
            {
              "slotIndex": 7,
              "itemStacks": [
                {
                  "name": "polycraft:sack_polyisoprene_pellets",
                  "stackSize": 1
                }
              ]
            }
          ],
          "outputs": [
            {
              "slotIndex": 9,
              "itemStack": {
                "name": "polycraft:wooden_pogo_stick",
                "stackSize": 1
              }
            }
          ],
          "containerType": "CRAFTING_TABLE"
        },
        {
          "inputs": [
            {
              "slotIndex": 0,
              "itemStacks": [
                {
                  "name": "minecraft:planks",
                  "stackSize": 1
                }
              ]
            },
            {
              "slotIndex": 1,
              "itemStacks": [
                {
                  "name": "minecraft:planks",
                  "stackSize": 1
                }
              ]
            },
            {
              "slotIndex": 3,
              "itemStacks": [
                {
                  "name": "minecraft:planks",
                  "stackSize": 1
                }
              ]
            },
            {
              "slotIndex": 4,
              "itemStacks": [
                {
                  "name": "minecraft:planks",
                  "stackSize": 1
                }
              ]
            }
          ],
          "outputs": [
            {
              "slotIndex": 9,
              "itemStack": {
                "name": "minecraft:crafting_table",
                "stackSize": 1
              }
            }
          ],
          "containerType": "CRAFTING_TABLE"
        },
        {
          "inputs": [
            {
              "slotIndex": -1,
              "itemStacks": [
                {
                  "name": "minecraft:log",
                  "stackSize": 1
                }
              ]
            }
          ],
          "outputs": [
            {
              "slotIndex": 9,
              "itemStack": {
                "name": "minecraft:planks",
                "stackSize": 4
              }
            }
          ],
          "containerType": "CRAFTING_TABLE"
        },
        {
          "inputs": [
            {
              "slotIndex": 0,
              "itemStacks": [
                {
                  "name": "minecraft:planks",
                  "stackSize": 1
                }
              ]
            },
            {
              "slotIndex": 1,
              "itemStacks": [
                {
                  "name": "minecraft:stick",
                  "stackSize": 1
                }
              ]
            },
            {
              "slotIndex": 2,
              "itemStacks": [
                {
                  "name": "minecraft:planks",
                  "stackSize": 1
                }
              ]
            },
            {
              "slotIndex": 3,
              "itemStacks": [
                {
                  "name": "minecraft:planks",
                  "stackSize": 1
                }
              ]
            },
            {
              "slotIndex": 5,
              "itemStacks": [
                {
                  "name": "minecraft:planks",
                  "stackSize": 1
                }
              ]
            },
            {
              "slotIndex": 7,
              "itemStacks": [
                {
                  "name": "minecraft:planks",
                  "stackSize": 1
                }
              ]
            }
          ],
          "outputs": [
            {
              "slotIndex": 9,
              "itemStack": {
                "name": "polycraft:tree_tap",
                "stackSize": 1
              }
            }
          ],
          "containerType": "CRAFTING_TABLE"
        },
        {
          "inputs": [
            {
              "slotIndex": 0,
              "itemStacks": [
                {
                  "name": "minecraft:diamond",
                  "stackSize": 1
                }
              ]
            },
            {
              "slotIndex": 1,
              "itemStacks": [
                {
                  "name": "minecraft:diamond",
                  "stackSize": 1
                }
              ]
            },
            {
              "slotIndex": 2,
              "itemStacks": [
                {
                  "name": "minecraft:diamond",
                  "stackSize": 1
                }
              ]
            },
            {
              "slotIndex": 3,
              "itemStacks": [
                {
                  "name": "minecraft:diamond",
                  "stackSize": 1
                }
              ]
            },
            {
              "slotIndex": 4,
              "itemStacks": [
                {
                  "name": "minecraft:diamond",
                  "stackSize": 1
                }
              ]
            },
            {
              "slotIndex": 5,
              "itemStacks": [
                {
                  "name": "minecraft:diamond",
                  "stackSize": 1
                }
              ]
            },
            {
              "slotIndex": 6,
              "itemStacks": [
                {
                  "name": "minecraft:diamond",
                  "stackSize": 1
                }
              ]
            },
            {
              "slotIndex": 7,
              "itemStacks": [
                {
                  "name": "minecraft:diamond",
                  "stackSize": 1
                }
              ]
            },
            {
              "slotIndex": 8,
              "itemStacks": [
                {
                  "name": "minecraft:diamond",
                  "stackSize": 1
                }
              ]
            }
          ],
          "outputs": [
            {
              "slotIndex": 9,
              "itemStack": {
                "name": "minecraft:diamond_block",
                "stackSize": 1
              }
            }
          ],
          "containerType": "CRAFTING_TABLE"
        },
        {
          "inputs": [
            {
              "slotIndex": 0,
              "itemStacks": [
                {
                  "name": "minecraft:planks",
                  "stackSize": 1
                }
              ]
            },
            {
              "slotIndex": 3,
              "itemStacks": [
                {
                  "name": "minecraft:planks",
                  "stackSize": 1
                }
              ]
            }
          ],
          "outputs": [
            {
              "slotIndex": 9,
              "itemStack": {
                "name": "minecraft:stick",
                "stackSize": 4
              }
            }
          ],
          "containerType": "CRAFTING_TABLE"
        },
        {
          "inputs": [
            {
              "slotIndex": 2,
              "itemStacks": [
                {
                  "name": "polycraft:hose_low_pressure",
                  "stackSize": 1
                }
              ]
            },
            {
              "slotIndex": 3,
              "itemStacks": [
                {
                  "name": "polycraft:cartridge_propane",
                  "stackSize": 1
                }
              ]
            },
            {
              "slotIndex": 8,
              "itemStacks": [
                {
                  "name": "minecraft:log",
                  "stackSize": 1
                }
              ]
            },
            {
              "slotIndex": 0,
              "itemStacks": [
                {
                  "name": "polycraft:hose_low_pressure",
                  "stackSize": 1
                }
              ]
            },
            {
              "slotIndex": 6,
              "itemStacks": [
                {
                  "name": "minecraft:log",
                  "stackSize": 1
                }
              ]
            },
            {
              "slotIndex": 7,
              "itemStacks": [
                {
                  "name": "polycraft:block_of_titanium",
                  "stackSize": 1
                }
              ]
            },
            {
              "slotIndex": 1,
              "itemStacks": [
                {
                  "name": "polycraft:regulator_medium_pressure",
                  "stackSize": 1
                }
              ]
            },
            {
              "slotIndex": 5,
              "itemStacks": [
                {
                  "name": "polycraft:block_of_titanium",
                  "stackSize": 1
                }
              ]
            },
            {
              "slotIndex": 4,
              "itemStacks": [
                {
                  "name": "polycraft:kevlar_vest",
                  "stackSize": 1
                }
              ]
            }
          ],
          "outputs": [
            {
              "slotIndex": 9,
              "itemStack": {
                "name": "polycraft:jet_pack_beginner",
                "stackSize": 1
              }
            }
          ],
          "containerType": "CRAFTING_TABLE"
        },
        {
          "inputs": [
            {
              "slotIndex": 2,
              "itemStacks": [
                {
                  "name": "polycraft:block_of_titanium",
                  "stackSize": 1
                }
              ]
            },
            {
              "slotIndex": 3,
              "itemStacks": [
                {
                  "name": "minecraft:nether_star",
                  "stackSize": 1
                }
              ]
            },
            {
              "slotIndex": 8,
              "itemStacks": [
                {
                  "name": "minecraft:clay",
                  "stackSize": 1
                }
              ]
            },
            {
              "slotIndex": 0,
              "itemStacks": [
                {
                  "name": "polycraft:block_of_titanium",
                  "stackSize": 1
                }
              ]
            },
            {
              "slotIndex": 6,
              "itemStacks": [
                {
                  "name": "minecraft:clay",
                  "stackSize": 1
                }
              ]
            },
            {
              "slotIndex": 7,
              "itemStacks": [
                {
                  "name": "minecraft:nether_star",
                  "stackSize": 1
                }
              ]
            },
            {
              "slotIndex": 1,
              "itemStacks": [
                {
                  "name": "minecraft:nether_star",
                  "stackSize": 1
                }
              ]
            },
            {
              "slotIndex": 5,
              "itemStacks": [
                {
                  "name": "minecraft:nether_star",
                  "stackSize": 1
                }
              ]
            },
            {
              "slotIndex": 4,
              "itemStacks": [
                {
                  "name": "minecraft:redstone_block",
                  "stackSize": 1
                }
              ]
            }
          ],
          "outputs": [
            {
              "slotIndex": 9,
              "itemStack": {
                "name": "polycraft:laser",
                "stackSize": 1
              }
            }
          ],
          "containerType": "CRAFTING_TABLE"
        },
        {
          "inputs": [
            {
              "slotIndex": 2,
              "itemStacks": [
                {
                  "name": "polycraft:oled_array",
                  "stackSize": 1
                }
              ]
            },
            {
              "slotIndex": 3,
              "itemStacks": [
                {
                  "name": "polycraft:processor",
                  "stackSize": 1
                }
              ]
            },
            {
              "slotIndex": 8,
              "itemStacks": [
                {
                  "name": "polycraft:block_of_titanium",
                  "stackSize": 1
                }
              ]
            },
            {
              "slotIndex": 0,
              "itemStacks": [
                {
                  "name": "polycraft:low_power_radio",
                  "stackSize": 1
                }
              ]
            },
            {
              "slotIndex": 6,
              "itemStacks": [
                {
                  "name": "minecraft:glass",
                  "stackSize": 1
                }
              ]
            },
            {
              "slotIndex": 7,
              "itemStacks": [
                {
                  "name": "minecraft:glass",
                  "stackSize": 1
                }
              ]
            },
            {
              "slotIndex": 1,
              "itemStacks": [
                {
                  "name": "polycraft:cell_phone_case_san",
                  "stackSize": 1
                }
              ]
            },
            {
              "slotIndex": 5,
              "itemStacks": [
                {
                  "name": "polycraft:block_of_titanium",
                  "stackSize": 1
                }
              ]
            },
            {
              "slotIndex": 4,
              "itemStacks": [
                {
                  "name": "polycraft:amplifier",
                  "stackSize": 1
                }
              ]
            }
          ],
          "outputs": [
            {
              "slotIndex": 9,
              "itemStack": {
                "name": "polycraft:cell_phone",
                "stackSize": 1
              }
            }
          ],
          "containerType": "CRAFTING_TABLE"
        }
      ]
    },
    {
      "pos": [
        3,
        4,
        6
      ],
      "name": "Add Items 6",
      "color": -256,
      "type": "ADD_ITEMS",
      "canProceed": false,
      "isDone": false,
      "completionTime": 0,
      "uuid": "114119bb-05bf-4918-9126-1137d6c96fa1",
      "itemList": [
        {
          "slot": 64,
          "itemDef": {
            "itemName": "polycraft:regulator_medium_pressure",
            "itemMeta": 0,
            "count": 1
          }
        },
        {
          "slot": 2,
          "itemDef": {
            "itemName": "polycraft:expitem",
            "itemMeta": 0,
            "count": 1,
            "nameOverride": "polycraft:hatchet_118",
            "toolType": "HATCHET",
            "efficiency": 0.43869573
          }
        },
        {
          "slot": 66,
          "itemDef": {
            "itemName": "polycraft:expitem",
            "itemMeta": 0,
            "count": 1,
            "nameOverride": "polycraft:hammer_30",
            "toolType": "HAMMER",
            "efficiency": 0.8793089
          }
        },
        {
          "slot": 3,
          "itemDef": {
            "itemName": "polycraft:expitem",
            "itemMeta": 0,
            "count": 1,
            "nameOverride": "polycraft:hatchet_204",
            "toolType": "HATCHET",
            "efficiency": 0.10974026
          }
        },
        {
          "slot": 5,
          "itemDef": {
            "itemName": "polycraft:processor",
            "itemMeta": 0,
            "count": 1
          }
        },
        {
          "slot": 70,
          "itemDef": {
            "itemName": "polycraft:expitem",
            "itemMeta": 0,
            "count": 1,
            "nameOverride": "polycraft:pickaxe_64",
            "toolType": "PICKAXE",
            "efficiency": 0.8732889
          }
        },
        {
          "slot": 7,
          "itemDef": {
            "itemName": "polycraft:expitem",
            "itemMeta": 0,
            "count": 1,
            "nameOverride": "polycraft:tnt_154",
            "toolType": "TNT",
            "efficiency": 0.6156743
          }
        },
        {
          "slot": 72,
          "itemDef": {
            "itemName": "polycraft:expitem",
            "itemMeta": 0,
            "count": 1,
            "nameOverride": "polycraft:drill_209",
            "toolType": "DRILL",
            "efficiency": 0.13091059
          }
        },
        {
          "slot": 74,
          "itemDef": {
            "itemName": "polycraft:expitem",
            "itemMeta": 0,
            "count": 1,
            "nameOverride": "polycraft:glasscutter_63",
            "toolType": "GLASSCUTTER",
            "efficiency": 0.61087877
          }
        },
        {
          "slot": 10,
          "itemDef": {
            "itemName": "polycraft:expitem",
            "itemMeta": 0,
            "count": 1,
            "nameOverride": "polycraft:hammer_64",
            "toolType": "HAMMER",
            "efficiency": 0.32856616
          }
        },
        {
          "slot": 11,
          "itemDef": {
            "itemName": "polycraft:expitem",
            "itemMeta": 0,
            "count": 1,
            "nameOverride": "polycraft:hatchet_121",
            "toolType": "HATCHET",
            "efficiency": 0.58714736
          }
        },
        {
          "slot": 77,
          "itemDef": {
            "itemName": "polycraft:oled_array",
            "itemMeta": 0,
            "count": 1
          }
        },
        {
          "slot": 78,
          "itemDef": {
            "itemName": "polycraft:expitem",
            "itemMeta": 0,
            "count": 1,
            "nameOverride": "polycraft:glasscutter_236",
            "toolType": "GLASSCUTTER",
            "efficiency": 0.30310783
          }
        },
        {
          "slot": 16,
          "itemDef": {
            "itemName": "polycraft:hose_low_pressure",
            "itemMeta": 0,
            "count": 2
          }
        },
        {
          "slot": 21,
          "itemDef": {
            "itemName": "polycraft:expitem",
            "itemMeta": 0,
            "count": 1,
            "nameOverride": "polycraft:heated_knife_52",
            "toolType": "HEATED_KNIFE",
            "efficiency": 0.3404374
          }
        },
        {
          "slot": 22,
          "itemDef": {
            "itemName": "minecraft:nether_star",
            "itemMeta": 0,
            "count": 4
          }
        },
        {
          "slot": 23,
          "itemDef": {
            "itemName": "polycraft:amplifier",
            "itemMeta": 0,
            "count": 1
          }
        },
        {
          "slot": 88,
          "itemDef": {
            "itemName": "polycraft:expitem",
            "itemMeta": 0,
            "count": 1,
            "nameOverride": "polycraft:shovel_168",
            "toolType": "SHOVEL",
            "efficiency": 0.2555789
          }
        },
        {
          "slot": 25,
          "itemDef": {
            "itemName": "polycraft:expitem",
            "itemMeta": 0,
            "count": 1,
            "nameOverride": "polycraft:glasscutter_119",
            "toolType": "GLASSCUTTER",
            "efficiency": 0.8869075
          }
        },
        {
          "slot": 91,
          "itemDef": {
            "itemName": "polycraft:expitem",
            "itemMeta": 0,
            "count": 1,
            "nameOverride": "polycraft:heated_knife_153",
            "toolType": "HEATED_KNIFE",
            "efficiency": 0.44137508
          }
        },
        {
          "slot": 28,
          "itemDef": {
            "itemName": "polycraft:expitem",
            "itemMeta": 0,
            "count": 1,
            "nameOverride": "polycraft:drill_111",
            "toolType": "DRILL",
            "efficiency": 0.8714524
          }
        },
        {
          "slot": 30,
          "itemDef": {
            "itemName": "polycraft:expitem",
            "itemMeta": 0,
            "count": 1,
            "nameOverride": "polycraft:pickaxe_83",
            "toolType": "PICKAXE",
            "efficiency": 0.42265227
          }
        },
        {
          "slot": 95,
          "itemDef": {
            "itemName": "polycraft:expitem",
            "itemMeta": 0,
            "count": 1,
            "nameOverride": "polycraft:hammer_19",
            "toolType": "HAMMER",
            "efficiency": 0.27077582
          }
        },
        {
          "slot": 32,
          "itemDef": {
            "itemName": "polycraft:low_power_radio",
            "itemMeta": 0,
            "count": 1
          }
        },
        {
          "slot": 33,
          "itemDef": {
            "itemName": "polycraft:expitem",
            "itemMeta": 0,
            "count": 1,
            "nameOverride": "polycraft:shovel_27",
            "toolType": "SHOVEL",
            "efficiency": 0.31794843
          }
        },
        {
          "slot": 36,
          "itemDef": {
            "itemName": "polycraft:expitem",
            "itemMeta": 0,
            "count": 1,
            "nameOverride": "polycraft:shovel_232",
            "toolType": "SHOVEL",
            "efficiency": 0.7028099
          }
        },
        {
          "slot": 41,
          "itemDef": {
            "itemName": "polycraft:expitem",
            "itemMeta": 0,
            "count": 1,
            "nameOverride": "polycraft:tnt_138",
            "toolType": "TNT",
            "efficiency": 0.84517103
          }
        },
        {
          "slot": 43,
          "itemDef": {
            "itemName": "polycraft:cartridge_propane",
            "itemMeta": 0,
            "count": 2
          }
        },
        {
          "slot": 46,
          "itemDef": {
            "itemName": "polycraft:expitem",
            "itemMeta": 0,
            "count": 1,
            "nameOverride": "polycraft:drill_6",
            "toolType": "DRILL",
            "efficiency": 0.3769809
          }
        },
        {
          "slot": 51,
          "itemDef": {
            "itemName": "polycraft:cell_phone_case_san",
            "itemMeta": 0,
            "count": 2
          }
        },
        {
          "slot": 58,
          "itemDef": {
            "itemName": "polycraft:expitem",
            "itemMeta": 0,
            "count": 1,
            "nameOverride": "polycraft:heated_knife_247",
            "toolType": "HEATED_KNIFE",
            "efficiency": 0.7451846
          }
        },
        {
          "slot": 59,
          "itemDef": {
            "itemName": "polycraft:expitem",
            "itemMeta": 0,
            "count": 1,
            "nameOverride": "polycraft:tnt_249",
            "toolType": "TNT",
            "efficiency": 0.7594023
          }
        },
        {
          "slot": 60,
          "itemDef": {
            "itemName": "polycraft:expitem",
            "itemMeta": 0,
            "count": 1,
            "nameOverride": "polycraft:pickaxe_248",
            "toolType": "PICKAXE",
            "efficiency": 0.6454629
          }
        },
        {
          "slot": 61,
          "itemDef": {
            "itemName": "minecraft:redstone_block",
            "itemMeta": 0,
            "count": 1
          }
        },
        {
          "slot": 62,
          "itemDef": {
            "itemName": "polycraft:kevlar_vest",
            "itemMeta": 0,
            "count": 1
          }
        }
      ]
    },
    {
      "pos": [
        0,
        4,
        0
      ],
      "name": "Tool Type Lookup",
      "color": -8355712,
      "type": "EFFICIENCY_TYPE_LOOKUP",
      "canProceed": false,
      "isDone": false,
      "completionTime": 0,
      "uuid": "c3849ca5-e1e3-49e4-929d-badb19116445",
      "efficiencyLevelLookup": [
        {
          "block": "minecraft:diamond_block",
          "PICKAXE": "BAD",
          "HATCHET": "BAD",
          "DRILL": "BAD",
          "HEATED_KNIFE": "BAD",
          "HAMMER": "BAD",
          "TNT": "GOOD",
          "SHOVEL": "BAD",
          "GLASSCUTTER": "BAD",
          "SCREWDRIVER": "FAIL"
        },
        {
          "block": "minecraft:stone",
          "PICKAXE": "GOOD",
          "HATCHET": "BAD",
          "DRILL": "BAD",
          "HEATED_KNIFE": "BAD",
          "HAMMER": "BAD",
          "TNT": "BAD",
          "SHOVEL": "BAD",
          "GLASSCUTTER": "BAD",
          "SCREWDRIVER": "BAD"
        },
        {
          "block": "polycraft:block_of_copper",
          "PICKAXE": "BAD",
          "HATCHET": "BAD",
          "DRILL": "BAD",
          "HEATED_KNIFE": "BAD",
          "HAMMER": "GOOD",
          "TNT": "BAD",
          "SHOVEL": "BAD",
          "GLASSCUTTER": "BAD",
          "SCREWDRIVER": "FAIL"
        },
        {
          "block": "minecraft:clay",
          "PICKAXE": "BAD",
          "HATCHET": "BAD",
          "DRILL": "BAD",
          "HEATED_KNIFE": "BAD",
          "HAMMER": "BAD",
          "TNT": "BAD",
          "SHOVEL": "GOOD",
          "GLASSCUTTER": "BAD",
          "SCREWDRIVER": "FAIL"
        },
        {
          "block": "minecraft:glass",
          "PICKAXE": "BAD",
          "HATCHET": "BAD",
          "DRILL": "BAD",
          "HEATED_KNIFE": "BAD",
          "HAMMER": "BAD",
          "TNT": "BAD",
          "SHOVEL": "BAD",
          "GLASSCUTTER": "GOOD",
          "SCREWDRIVER": "FAIL"
        },
        {
          "block": "polycraft:block_of_silicon",
          "PICKAXE": "BAD",
          "HATCHET": "BAD",
          "DRILL": "GOOD",
          "HEATED_KNIFE": "BAD",
          "HAMMER": "BAD",
          "TNT": "BAD",
          "SHOVEL": "BAD",
          "GLASSCUTTER": "BAD",
          "SCREWDRIVER": "FAIL"
        },
        {
          "block": "minecraft:log",
          "PICKAXE": "BAD",
          "HATCHET": "GOOD",
          "DRILL": "BAD",
          "HEATED_KNIFE": "BAD",
          "HAMMER": "BAD",
          "TNT": "BAD",
          "SHOVEL": "BAD",
          "GLASSCUTTER": "BAD",
          "SCREWDRIVER": "FAIL"
        },
        {
          "block": "polycraft:bauxite",
          "PICKAXE": "BAD",
          "HATCHET": "BAD",
          "DRILL": "BAD",
          "HEATED_KNIFE": "BAD",
          "HAMMER": "GOOD",
          "TNT": "BAD",
          "SHOVEL": "BAD",
          "GLASSCUTTER": "BAD",
          "SCREWDRIVER": "FAIL"
        },
        {
          "block": "polycraft:block_of_titanium",
          "PICKAXE": "GOOD",
          "HATCHET": "BAD",
          "DRILL": "BAD",
          "HEATED_KNIFE": "BAD",
          "HAMMER": "BAD",
          "TNT": "BAD",
          "SHOVEL": "BAD",
          "GLASSCUTTER": "BAD",
          "SCREWDRIVER": "FAIL"
        }
      ]
    },
    {
      "pos": [
        0,
        0,
        0
      ],
      "name": "End Condition",
      "color": -256,
      "type": "END",
      "canProceed": true,
      "isDone": false,
      "completionTime": 0,
      "uuid": "513bcf39-afba-4d66-a3c7-cd2f12ff0e98",
      "endCondition": "ITEM",
      "itemToAcquire": "polycraft:laser",
      "blockToPlace": "",
      "locationToReach": [
        0,
        0,
        0
      ],
      "endTime": 0.0,
      "endStepCost": 0.0,
      "isFinished": false,
      "blockName": "minecraft:lapis_block",
      "blockMeta": 0
    },
    {
      "pos": [
        13,
        4,
        34
      ],
      "name": "Guide 2",
      "color": -256,
      "type": "GUIDE",
      "canProceed": false,
      "isDone": false,
      "completionTime": 0,
      "uuid": "4763007d-a3ce-4cca-89b7-56aecf0e5c63",
      "pos2": [
        13,
        4,
        34
      ]
    }
  ],
  "options": {
    "pos": [
      0,
      2,
      0
    ],
    "pos2": [
      30,
      9,
      30
    ],
    "name": "",
    "numTeams": 2,
    "teamSize": 2,
    "seed": -628948707,
    "hideGui": false,
    "outputScreen": false,
    "distribution": "Uninformed",
    "maxScore": 222411
  },
  "novelty_config": {
    "seed": 0,
    "templatePath": "../Novelty/input/pogo_v2.json",
    "novelties": [
      {
        "type": "RoomGenTransform",
        "roomGenTransformType": "UPDATE_ROOMS",
        "roomGenOrder": [
          0
        ],
        "roomGenOrderR": [
          1
        ],
        "roomTypes": [
          {
            "xMin": 3,
            "xMax": 3,
            "yMin": 1,
            "yMax": 1,
            "zMin": 3,
            "zMax": 3,
            "blockFloorName": "minecraft:planks",
            "blockCeilName": "minecraft:air",
            "blockWallName": "minecraft:brick_block",
            "blockRefName": "minecraft:grass",
            "canPlayerSpawn": true,
            "tagList": [
              "primary",
              "door"
            ]
          }
        ]
      },
      {
        "blockName": "minecraft:crafting_table",
        "type": "WorldGenTransform",
        "transformType": "BLOCK_LOCATION",
        "countOffset": 0,
        "tagList": [
          "primary"
        ]
      },
      {
        "blockName": "tree",
        "type": "WorldGenTransform",
        "transformType": "BLOCK_LOCATION",
        "countOffset": -5,
        "tagList": [
          "primary"
        ]
      },
      {
        "blockName": "polycraft:block_of_titanium",
        "type": "WorldGenTransform",
        "transformType": "BLOCK_CLUSTER",
        "countOffset": 1,
        "tagList": [
          "primary"
        ]
      },
      {
        "blockName": "minecraft:diamond_block",
        "type": "WorldGenTransform",
        "transformType": "BLOCK_CLUSTER",
        "countOffset": 1,
        "tagList": [
          "primary"
        ]
      },
      {
        "blockName": "minecraft:stone",
        "type": "WorldGenTransform",
        "transformType": "BLOCK_CLUSTER",
        "countOffset": 1,
        "tagList": [
          "primary"
        ]
      },
      {
        "blockName": "polycraft:block_of_silicon",
        "type": "WorldGenTransform",
        "transformType": "BLOCK_CLUSTER",
        "countOffset": 1,
        "tagList": [
          "primary"
        ]
      },
      {
        "blockName": "polycraft:bauxite",
        "type": "WorldGenTransform",
        "transformType": "BLOCK_CLUSTER",
        "countOffset": 1,
        "tagList": [
          "primary"
        ]
      },
      {
        "blockName": "polycraft:block_of_copper",
        "type": "WorldGenTransform",
        "transformType": "BLOCK_CLUSTER",
        "countOffset": 1,
        "tagList": [
          "primary"
        ]
      },
      {
        "blockName": "minecraft:log",
        "type": "WorldGenTransform",
        "transformType": "BLOCK_CLUSTER",
        "countOffset": 1,
        "tagList": [
          "primary"
        ]
      },
      {
        "blockName": "minecraft:clay",
        "type": "WorldGenTransform",
        "transformType": "BLOCK_CLUSTER",
        "countOffset": 1,
        "tagList": [
          "primary"
        ]
      },
      {
        "blockName": "minecraft:glass",
        "type": "WorldGenTransform",
        "transformType": "BLOCK_CLUSTER",
        "countOffset": 1,
        "tagList": [
          "primary"
        ]
      },
      {
        "blockName": "polycraft:block_abs",
        "type": "WorldGenTransform",
        "transformType": "BLOCK_CLUSTER",
        "countOffset": 1,
        "tagList": [
          "primary"
        ]
      },
      {
        "type": "GenToolsTransform",
        "toolGens": [
          {
            "toolType": "PICKAXE",
            "count": 250,
            "minEff": 0.10,
            "maxEff": 0.90,
            "suffix": "polycraft:pickaxe",
            "toolsPerGame": 3
          },
          {
            "toolType": "SHOVEL",
            "count": 250,
            "minEff": 0.10,
            "maxEff": 0.90,
            "suffix": "polycraft:shovel",
            "toolsPerGame": 3
          },
          {
            "toolType": "HATCHET",
            "count": 250,
            "minEff": 0.10,
            "maxEff": 0.90,
            "suffix": "polycraft:hatchet",
            "toolsPerGame": 3
          },
          {
            "toolType": "GLASSCUTTER",
            "count": 250,
            "minEff": 0.10,
            "maxEff": 0.90,
            "suffix": "polycraft:glasscutter",
            "toolsPerGame": 3
          },
          {
            "toolType": "DRILL",
            "count": 250,
            "minEff": 0.10,
            "maxEff": 0.90,
            "suffix": "polycraft:drill",
            "toolsPerGame": 3
          },
          {
            "toolType": "HAMMER",
            "count": 250,
            "minEff": 0.10,
            "maxEff": 0.90,
            "suffix": "polycraft:hammer",
            "toolsPerGame": 3
          },
          {
            "toolType": "TNT",
            "count": 250,
            "minEff": 0.10,
            "maxEff": 0.90,
            "suffix": "polycraft:tnt",
            "toolsPerGame": 3
          },
          {
            "toolType": "HEATED_KNIFE",
            "count": 250,
            "minEff": 0.10,
            "maxEff": 0.90,
            "suffix": "polycraft:heated_knife",
            "toolsPerGame": 3
          }
        ],
        "efficiencyLevelLookup": [
          {
            "block": "polycraft:block_of_titanium",
            "PICKAXE": "GOOD",
            "DRILL": "BAD",
            "HAMMER": "BAD",
            "TNT": "BAD",
            "HEATED_KNIFE": "BAD",
            "SHOVEL": "BAD",
            "HATCHET": "BAD",
            "GLASSCUTTER": "BAD",
            "SCREWDRIVER": "FAIL"
          },
          {
            "block": "minecraft:diamond_block",
            "PICKAXE": "BAD",
            "DRILL": "BAD",
            "HAMMER": "BAD",
            "TNT": "GOOD",
            "HEATED_KNIFE": "BAD",
            "SHOVEL": "BAD",
            "HATCHET": "BAD",
            "GLASSCUTTER": "BAD",
            "SCREWDRIVER": "FAIL"
          },
          {
            "block": "minecraft:stone",
            "PICKAXE": "GOOD",
            "SHOVEL": "BAD",
            "TNT": "BAD",
            "HEATED_KNIFE": "BAD",
            "HATCHET": "BAD",
            "SCREWDRIVER": "BAD",
            "HAMMER": "BAD",
            "DRILL": "BAD",
            "GLASSCUTTER": "BAD"
          },
          {
            "block": "polycraft:block_of_silicon",
            "PICKAXE": "BAD",
            "DRILL": "GOOD",
            "HAMMER": "BAD",
            "TNT": "BAD",
            "HEATED_KNIFE": "BAD",
            "SHOVEL": "BAD",
            "HATCHET": "BAD",
            "GLASSCUTTER": "BAD",
            "SCREWDRIVER": "FAIL"
          },
          {
            "block": "polycraft:bauxite",
            "PICKAXE": "BAD",
            "DRILL": "BAD",
            "HAMMER": "GOOD",
            "TNT": "BAD",
            "HEATED_KNIFE": "BAD",
            "SHOVEL": "BAD",
            "HATCHET": "BAD",
            "GLASSCUTTER": "BAD",
            "SCREWDRIVER": "FAIL"
          },
          {
            "block": "polycraft:block_of_copper",
            "PICKAXE": "BAD",
            "DRILL": "BAD",
            "HAMMER": "GOOD",
            "TNT": "BAD",
            "HEATED_KNIFE": "BAD",
            "SHOVEL": "BAD",
            "HATCHET": "BAD",
            "GLASSCUTTER": "BAD",
            "SCREWDRIVER": "FAIL"
          },
          {
            "block": "minecraft:log",
            "PICKAXE": "BAD",
            "DRILL": "BAD",
            "HAMMER": "BAD",
            "TNT": "BAD",
            "HEATED_KNIFE": "BAD",
            "SHOVEL": "BAD",
            "HATCHET": "GOOD",
            "GLASSCUTTER": "BAD",
            "SCREWDRIVER": "FAIL"
          },
          {
            "block": "minecraft:clay",
            "PICKAXE": "BAD",
            "DRILL": "BAD",
            "HAMMER": "BAD",
            "TNT": "BAD",
            "HEATED_KNIFE": "BAD",
            "SHOVEL": "GOOD",
            "HATCHET": "BAD",
            "GLASSCUTTER": "BAD",
            "SCREWDRIVER": "FAIL"
          },
          {
            "block": "minecraft:glass",
            "PICKAXE": "BAD",
            "DRILL": "BAD",
            "HAMMER": "BAD",
            "TNT": "BAD",
            "HEATED_KNIFE": "BAD",
            "SHOVEL": "BAD",
            "HATCHET": "BAD",
            "GLASSCUTTER": "GOOD",
            "SCREWDRIVER": "FAIL"
          }
        ]
      },
      {
        "type": "GoalTransform",
        "goalRepeatCount": 20,
        "transformType": "SEQUENTIAL",
        "overrideGoalConfig": [
          {
            "goalType": "ITEM",
            "itemToAcquire": "polycraft:jet_pack_beginner"
          },
          {
            "goalType": "ITEM",
            "itemToAcquire": "polycraft:laser"
          },
          {
            "goalType": "ITEM",
            "itemToAcquire": "polycraft:cell_phone"
          }
        ]
      },
      {
        "type": "RecipeTransform",
        "transformType": "ADD_FW2_RECIPES_SIMPLE"
      }
    ],
    "seedOverride": -628948707,
    "generatedTimeStamp": "2022-12-12 15:33:05.203"
  }
}